From*, To*, Variable*, Range_Lower_Limit*, Weight, 
3, 7, distance/distance_to_7, 0, 0, 
3, 7, distance/distance_to_7, 500, 0, 
3, 7, distance/distance_to_7, 1000, 0, 
3, 7, distance/distance_to_7, 1500, 0, 
3, 7, distance/distance_to_7, 2000, 0, 
3, 7, distance/distance_to_7, 2500, 0, 
3, 7, distance/distance_to_7, 3000, 0, 
3, 7, distance/distance_to_7, 4000, 0, 
3, 7, distance/distance_to_7, 4500, 0, 
3, 7, distance/distance_to_7, 5500, 0, 
3, 7, distance/distance_to_7, 19500, 0, 
3, 7, static_var/Acc00, 0, 0, 
3, 7, static_var/Acc00, 10, 0, 
3, 7, static_var/Acc00, 40, 0, 
3, 7, static_var/Acc00, 60, 0, 
3, 7, static_var/Acc00, 260, 0, 
3, 7, static_var/Acc00, 270, 0, 
3, 7, static_var/Acc00, 330, 0, 
3, 7, static_var/Acc00, 340, 0, 
3, 7, static_var/Acc00, 350, 0, 
3, 7, static_var/Acc00, 360, 0, 
3, 7, static_var/Acc00, 380, 0, 
3, 7, static_var/Acc00, 390, 0, 
3, 7, static_var/Acc00, 520, 0, 
3, 7, static_var/Acc00, 530, 0, 
3, 7, static_var/Acc00, 550, 0, 
3, 7, static_var/Acc00, 560, 0, 
3, 7, static_var/Acc00, 570, 0, 
3, 7, static_var/Acc00, 580, 0, 
3, 7, static_var/Acc00, 610, 0, 
3, 7, static_var/Acc00, 630, 0, 
3, 7, static_var/Acc00, 680, 0, 
3, 7, static_var/Acc00, 690, 0, 
3, 7, static_var/Acc00, 700, 0, 
3, 7, static_var/Acc00, 800, 0, 
3, 7, static_var/Acc00, 810, 0, 
3, 7, static_var/Acc00, 850, 0, 
3, 7, static_var/Acc00, 1000, 0, 
3, 7, static_var/Acc00, 1010, 0, 
3, 7, static_var/BD000, 0, 0, 
3, 7, static_var/BD000, 45, 0, 
3, 7, static_var/BD000, 50, 0, 
3, 7, static_var/BD000, 55, 0, 
3, 7, static_var/BD000, 60, 0, 
3, 7, static_var/BD000, 70, 0, 
3, 7, static_var/BD000, 100, 0, 
3, 7, static_var/BD000, 105, 0, 
3, 7, static_var/BD000, 115, 0, 
3, 7, static_var/BD000, 120, 0, 
3, 7, static_var/BD000, 125, 0, 
3, 7, static_var/BD000, 130, 0, 
3, 7, static_var/Bio05, 0, 0, 
3, 7, static_var/Bio05, 300, 0, 
3, 7, static_var/Bio05, 305, 0, 
3, 7, static_var/Bio05, 310, 0, 
3, 7, static_var/Bio05, 315, 0, 
3, 7, static_var/Bio06, 0, 0, 
3, 7, static_var/Bio06, 200, 0, 
3, 7, static_var/Bio06, 215, 0, 
3, 7, static_var/Bio06, 220, 0, 
3, 7, static_var/Bio06, 225, 0, 
3, 7, static_var/Bio12, 0, 0, 
3, 7, static_var/Bio12, 1700, 0, 
3, 7, static_var/Bio12, 1800, 0, 
3, 7, static_var/Bio12, 2000, 0, 
3, 7, static_var/Bio12, 2500, 0, 
3, 7, static_var/Bio12, 2600, 0, 
3, 7, static_var/Bio12, 2700, 0, 
3, 7, static_var/Bio12, 3300, 0, 
3, 7, static_var/Bio12, 3400, 0, 
3, 7, static_var/Bio12, 5700, 0, 
3, 7, static_var/Bio12, 5800, 0, 
3, 7, static_var/Bio12, 5900, 0, 
3, 7, static_var/Bio12, 6200, 0, 
3, 7, static_var/Bio12, 6300, 0, 
3, 7, static_var/Bio12, 6500, 0, 
3, 7, static_var/Bio14, 0, 0, 
3, 7, static_var/Bio14, 5, 0, 
3, 7, static_var/Bio14, 10, 0, 
3, 7, static_var/Bio14, 15, 0, 
3, 7, static_var/Bio14, 30, 0, 
3, 7, static_var/Bio14, 35, 0, 
3, 7, static_var/Bio14, 50, 0, 
3, 7, static_var/Bio14, 55, 0, 
3, 7, static_var/Bio15, 0, 0, 
3, 7, static_var/Bio15, 65, 0, 
3, 7, static_var/Bio15, 70, 0, 
3, 7, static_var/Bio15, 75, 0, 
3, 7, static_var/Bio15, 85, 0, 
3, 7, static_var/Bio15, 90, 0, 
3, 7, static_var/Bio15, 95, 0, 
3, 7, static_var/Bio15, 100, 0, 
3, 7, static_var/Bio15, 105, 0, 
3, 7, static_var/Bio15, 110, 0, 
3, 7, static_var/Bio18, 0, 0, 
3, 7, static_var/Bio18, 115, 0, 
3, 7, static_var/Bio18, 120, 0, 
3, 7, static_var/Bio18, 135, 0, 
3, 7, static_var/Bio18, 140, 0, 
3, 7, static_var/Bio18, 155, 0, 
3, 7, static_var/Bio18, 160, 0, 
3, 7, static_var/Bio18, 165, 0, 
3, 7, static_var/Bio18, 185, 0, 
3, 7, static_var/Bio18, 245, 0, 
3, 7, static_var/Bio18, 250, 0, 
3, 7, static_var/Bio18, 295, 0, 
3, 7, static_var/Bio18, 300, 0, 
3, 7, static_var/Bio18, 305, 0, 
3, 7, static_var/Bio18, 310, 0, 
3, 7, static_var/Cy000, 0, 0, 
3, 7, static_var/Cy000, 18, 0, 
3, 7, static_var/Cy000, 25, 0, 
3, 7, static_var/Cy000, 26, 0, 
3, 7, static_var/Cy000, 28, 0, 
3, 7, static_var/Cy000, 29, 0, 
3, 7, static_var/Cy000, 30, 0, 
3, 7, static_var/Cy000, 31, 0, 
3, 7, static_var/Cy000, 32, 0, 
3, 7, static_var/Cy000, 33, 0, 
3, 7, static_var/Cy000, 34, 0, 
3, 7, static_var/Cy000, 39, 0, 
3, 7, static_var/Cy000, 40, 0, 
3, 7, static_var/D_ComF, 0, 0, 
3, 7, static_var/D_ComF, 500, 0, 
3, 7, static_var/D_ComF, 1000, 0, 
3, 7, static_var/D_ComF, 1500, 0, 
3, 7, static_var/D_ComF, 14500, 0, 
3, 7, static_var/D_ComF, 15000, 0, 
3, 7, static_var/D_ComF, 25500, 0, 
3, 7, static_var/D_ComF, 26000, 0, 
3, 7, static_var/D_ComF, 31500, 0, 
3, 7, static_var/D_ComF, 32000, 0, 
3, 7, static_var/D_ComF, 32500, 0, 
3, 7, static_var/D_ComF, 36000, 0, 
3, 7, static_var/D_ComF, 36500, 0, 
3, 7, static_var/D_ComF, 48000, 0, 
3, 7, static_var/D_ComF, 48500, 0, 
3, 7, static_var/D_DefoI1, 0, 0, 
3, 7, static_var/D_DefoI1, 500, 0, 
3, 7, static_var/D_DefoI1, 1000, 0, 
3, 7, static_var/D_DefoI1, 1500, 0, 
3, 7, static_var/D_DefoI1, 2500, 0, 
3, 7, static_var/D_DefoI1, 9500, 0, 
3, 7, static_var/D_OPC, 0, 0, 
3, 7, static_var/D_OPC, 500, 0, 
3, 7, static_var/D_OPC, 5500, 0, 
3, 7, static_var/D_OPC, 6000, 0, 
3, 7, static_var/D_OPC, 14500, 0, 
3, 7, static_var/D_OPC, 16000, 0, 
3, 7, static_var/D_OPC, 16500, 0, 
3, 7, static_var/D_OPC, 20000, 0, 
3, 7, static_var/D_OPC, 20500, 0, 
3, 7, static_var/D_OPC, 21000, 0, 
3, 7, static_var/D_OPC, 21500, 0, 
3, 7, static_var/D_OPC, 25000, 0, 
3, 7, static_var/D_OPC, 30500, 0, 
3, 7, static_var/D_OPC, 31000, 0, 
3, 7, static_var/D_OPC, 32000, 0, 
3, 7, static_var/D_OPC, 37000, 0, 
3, 7, static_var/D_OPC, 38000, 0, 
3, 7, static_var/D_OPC, 38500, 0, 
3, 7, static_var/D_OPC, 50000, 0, 
3, 7, static_var/D_OPC, 50500, 0, 
3, 7, static_var/D_OPC, 51000, 0, 
3, 7, static_var/D_OPC, 51500, 0, 
3, 7, static_var/D_PA, 0, 0, 
3, 7, static_var/D_PA, 500, 0, 
3, 7, static_var/D_PA, 1000, 0, 
3, 7, static_var/D_PA, 2500, 0, 
3, 7, static_var/D_PA, 3000, 0, 
3, 7, static_var/D_PA, 8000, 0, 
3, 7, static_var/D_PA, 8500, 0, 
3, 7, static_var/D_PA, 16500, 0, 
3, 7, static_var/D_PA, 17500, 0, 
3, 7, static_var/D_PA, 24000, 0, 
3, 7, static_var/D_PA, 24500, 0, 
3, 7, static_var/D_PA, 106500, 0, 
3, 7, static_var/D_PA, 107000, 0, 
3, 7, static_var/D_Rbr1996, 0, 0, 
3, 7, static_var/D_Rbr1996, 500, 0, 
3, 7, static_var/D_Rbr1996, 1000, 0, 
3, 7, static_var/D_Rbr1996, 1500, 0, 
3, 7, static_var/D_Rbr1996, 2000, 0, 
3, 7, static_var/D_Rbr1996, 2500, 0, 
3, 7, static_var/D_Rbr1996, 3000, 0, 
3, 7, static_var/D_Rbr1996, 3500, 0, 
3, 7, static_var/D_Rbr1996, 4000, 0, 
3, 7, static_var/D_Rbr1996, 5000, 0, 
3, 7, static_var/D_Rbr1996, 5500, 0, 
3, 7, static_var/D_Rbr1996, 18000, 0, 
3, 7, static_var/D_ResF, 0, 0, 
3, 7, static_var/D_ResF, 500, 0, 
3, 7, static_var/D_ResF, 1000, 0, 
3, 7, static_var/D_ResF, 3500, 0, 
3, 7, static_var/D_ResF, 4000, 0, 
3, 7, static_var/D_ResF, 8500, 0, 
3, 7, static_var/D_ResF, 9000, 0, 
3, 7, static_var/D_ResF, 18000, 0, 
3, 7, static_var/D_ResF, 18500, 0, 
3, 7, static_var/D_ResF, 19500, 0, 
3, 7, static_var/D_ResF, 33000, 0, 
3, 7, static_var/D_ResF, 33500, 0, 
3, 7, static_var/D_ResF, 34000, 0, 
3, 7, static_var/D_ResF, 34500, 0, 
3, 7, static_var/D_ResF, 37000, 0, 
3, 7, static_var/D_ResF, 37500, 0, 
3, 7, static_var/D_ResF, 38000, 0, 
3, 7, static_var/D_ResF, 38500, 0, 
3, 7, static_var/D_ResF, 39000, 0, 
3, 7, static_var/D_River, 0, 0, 
3, 7, static_var/D_River, 500, 0, 
3, 7, static_var/D_River, 1000, 0, 
3, 7, static_var/D_River, 1500, 0, 
3, 7, static_var/D_River, 2500, 0, 
3, 7, static_var/D_River, 3000, 0, 
3, 7, static_var/D_River, 5000, 0, 
3, 7, static_var/D_River, 6000, 0, 
3, 7, static_var/D_River, 47000, 0, 
3, 7, static_var/D_River, 47500, 0, 
3, 7, static_var/D_River, 56000, 0, 
3, 7, static_var/D_River, 56500, 0, 
3, 7, static_var/D_River, 59000, 0, 
3, 7, static_var/D_River, 59500, 0, 
3, 7, static_var/D_Road, 0, 0, 
3, 7, static_var/D_Road, 500, 0, 
3, 7, static_var/D_Road, 1000, 0, 
3, 7, static_var/D_Road, 1500, 0, 
3, 7, static_var/D_Road, 2000, 0, 
3, 7, static_var/D_Road, 2500, 0, 
3, 7, static_var/D_Road, 3000, 0, 
3, 7, static_var/D_Road, 3500, 0, 
3, 7, static_var/D_Road, 4000, 0, 
3, 7, static_var/D_Road, 11000, 0, 
3, 7, static_var/D_Road, 11500, 0, 
3, 7, static_var/D_Road, 27000, 0, 
3, 7, static_var/D_Road, 27500, 0, 
3, 7, static_var/D_Road, 28000, 0, 
3, 7, static_var/D_Road, 28500, 0, 
3, 7, static_var/D_Road, 32000, 0, 
3, 7, static_var/D_Town, 0, 0, 
3, 7, static_var/D_Town, 500, 0, 
3, 7, static_var/D_Town, 2500, 0, 
3, 7, static_var/D_Town, 11000, 0, 
3, 7, static_var/D_Town, 11500, 0, 
3, 7, static_var/D_Town, 16000, 0, 
3, 7, static_var/D_Town, 16500, 0, 
3, 7, static_var/D_Town, 32500, 0, 
3, 7, static_var/D_Town, 33000, 0, 
3, 7, static_var/D_Town, 42500, 0, 
3, 7, static_var/D_Town, 43000, 0, 
3, 7, static_var/D_Town, 43500, 0, 
3, 7, static_var/D_Town, 68000, 0, 
3, 7, static_var/D_Vill, 0, 0, 
3, 7, static_var/D_Vill, 500, 0, 
3, 7, static_var/D_Vill, 2500, 0, 
3, 7, static_var/D_Vill, 3000, 0, 
3, 7, static_var/D_Vill, 3500, 0, 
3, 7, static_var/D_Vill, 5000, 0, 
3, 7, static_var/D_Vill, 5500, 0, 
3, 7, static_var/D_Vill, 12500, 0, 
3, 7, static_var/D_Vill, 13000, 0, 
3, 7, static_var/D_Vill, 14500, 0, 
3, 7, static_var/D_Vill, 17000, 0, 
3, 7, static_var/D_Vill, 17500, 0, 
3, 7, static_var/D_Vill, 18000, 0, 
3, 7, static_var/D_Vill, 19000, 0, 
3, 7, static_var/D_Vill, 20000, 0, 
3, 7, static_var/D_Vill, 31000, 0, 
3, 7, static_var/D_Vill, 31500, 0, 
3, 7, static_var/Elev, 0, 0, 
3, 7, static_var/Elev, 10, 0, 
3, 7, static_var/Elev, 80, 0, 
3, 7, static_var/Elev, 90, 0, 
3, 7, static_var/Elev, 100, 0, 
3, 7, static_var/Elev, 110, 0, 
3, 7, static_var/Elev, 120, 0, 
3, 7, static_var/Elev, 140, 0, 
3, 7, static_var/Elev, 160, 0, 
3, 7, static_var/Elev, 220, 0, 
3, 7, static_var/Elev, 360, 0, 
3, 7, static_var/OC000, 0, 0, 
3, 7, static_var/OC000, 1, 0, 
3, 7, static_var/OC000, 2, 0, 
3, 7, static_var/OC000, 3, 0, 
3, 7, static_var/OC000, 6, 0, 
3, 7, static_var/OC000, 7, 0, 
3, 7, static_var/OC000, 8, 0, 
3, 7, static_var/OC000, 9, 0, 
3, 7, static_var/OC000, 10, 0, 
3, 7, static_var/OC000, 11, 0, 
3, 7, static_var/OC000, 12, 0, 
3, 7, static_var/OC000, 13, 0, 
3, 7, static_var/OC000, 18, 0, 
3, 7, static_var/OC000, 19, 0, 
3, 7, static_var/OC000, 20, 0, 
3, 7, static_var/OC000, 21, 0, 
3, 7, static_var/PDn05, 0, 0, 
3, 7, static_var/PDn05, 10, 0, 
3, 7, static_var/PDn05, 20, 0, 
3, 7, static_var/PDn05, 30, 0, 
3, 7, static_var/PDn05, 40, 0, 
3, 7, static_var/PDn05, 50, 0, 
3, 7, static_var/PDn05, 60, 0, 
3, 7, static_var/PDn05, 90, 0, 
3, 7, static_var/PDn05, 100, 0, 
3, 7, static_var/PDn05, 110, 0, 
3, 7, static_var/PDn05, 120, 0, 
3, 7, static_var/PDn05, 140, 0, 
3, 7, static_var/PH000, 0, 0, 
3, 7, static_var/PH000, 38, 0, 
3, 7, static_var/PH000, 39, 0, 
3, 7, static_var/PH000, 42, 0, 
3, 7, static_var/PH000, 43, 0, 
3, 7, static_var/PH000, 44, 0, 
3, 7, static_var/PH000, 51, 0, 
3, 7, static_var/PH000, 52, 0, 
3, 7, static_var/PH000, 53, 0, 
3, 7, static_var/PH000, 55, 0, 
3, 7, static_var/Sd000, 0, 0, 
3, 7, static_var/Sd000, 34, 0, 
3, 7, static_var/Sd000, 35, 0, 
3, 7, static_var/Sd000, 42, 0, 
3, 7, static_var/Sd000, 43, 0, 
3, 7, static_var/Sd000, 44, 0, 
3, 7, static_var/Sd000, 45, 0, 
3, 7, static_var/Sd000, 47, 0, 
3, 7, static_var/Sd000, 54, 0, 
3, 7, static_var/Sd000, 55, 0, 
3, 7, static_var/Slope, 0, 0, 
3, 7, static_var/Slope, 5, 0, 
3, 7, static_var/Slope, 10, 0, 
3, 7, static_var/Slope, 15, 0, 
3, 7, static_var/Slope, 20, 0, 
3, 7, static_var/WC000, 0, 0, 
3, 7, static_var/WC000, 23, 0, 
3, 7, static_var/WC000, 29, 0, 
3, 7, static_var/WC000, 30, 0, 
3, 7, static_var/WC000, 34, 0, 
3, 7, static_var/WC000, 35, 0, 
3, 7, static_var/WC000, 36, 0, 
3, 7, static_var/WC000, 38, 0, 
3, 7, static_var/WC000, 39, 0, 
3, 7, static_var/WC000, 40, 0, 
3, 7, static_var/WC000, 41, 0, 
3, 7, static_var/WC000, 42, 0, 
3, 7, static_var/WC000, 43, 0, 
3, 7, static_var/WC000, 45, 0, 
4, 7, distance/distance_to_7, 0, 0, 
4, 7, distance/distance_to_7, 500, 0, 
4, 7, distance/distance_to_7, 1000, 0, 
4, 7, distance/distance_to_7, 1500, 0, 
4, 7, distance/distance_to_7, 2000, 0, 
4, 7, distance/distance_to_7, 7500, 0, 
4, 7, distance/distance_to_7, 8000, 0, 
4, 7, distance/distance_to_7, 8500, 0, 
4, 7, distance/distance_to_7, 9000, 0, 
4, 7, distance/distance_to_7, 9500, 0, 
4, 7, distance/distance_to_7, 10000, 0, 
4, 7, static_var/Acc00, 0, 0, 
4, 7, static_var/Acc00, 10, 0, 
4, 7, static_var/Acc00, 30, 0, 
4, 7, static_var/Acc00, 50, 0, 
4, 7, static_var/Acc00, 60, 0, 
4, 7, static_var/Acc00, 70, 0, 
4, 7, static_var/Acc00, 80, 0, 
4, 7, static_var/Acc00, 100, 0, 
4, 7, static_var/Acc00, 110, 0, 
4, 7, static_var/Acc00, 120, 0, 
4, 7, static_var/Acc00, 130, 0, 
4, 7, static_var/Acc00, 140, 0, 
4, 7, static_var/Acc00, 170, 0, 
4, 7, static_var/Acc00, 180, 0, 
4, 7, static_var/Acc00, 190, 0, 
4, 7, static_var/Acc00, 200, 0, 
4, 7, static_var/Acc00, 210, 0, 
4, 7, static_var/Acc00, 220, 0, 
4, 7, static_var/Acc00, 280, 0, 
4, 7, static_var/Acc00, 290, 0, 
4, 7, static_var/Acc00, 300, 0, 
4, 7, static_var/Acc00, 310, 0, 
4, 7, static_var/Acc00, 320, 0, 
4, 7, static_var/Acc00, 350, 0, 
4, 7, static_var/Acc00, 370, 0, 
4, 7, static_var/Acc00, 380, 0, 
4, 7, static_var/Acc00, 390, 0, 
4, 7, static_var/Acc00, 420, 0, 
4, 7, static_var/Acc00, 480, 0, 
4, 7, static_var/Acc00, 490, 0, 
4, 7, static_var/Acc00, 510, 0, 
4, 7, static_var/Acc00, 530, 0, 
4, 7, static_var/Acc00, 540, 0, 
4, 7, static_var/Acc00, 550, 0, 
4, 7, static_var/Acc00, 560, 0, 
4, 7, static_var/Acc00, 570, 0, 
4, 7, static_var/Acc00, 600, 0, 
4, 7, static_var/Acc00, 620, 0, 
4, 7, static_var/Acc00, 690, 0, 
4, 7, static_var/Acc00, 700, 0, 
4, 7, static_var/Acc00, 710, 0, 
4, 7, static_var/Acc00, 740, 0, 
4, 7, static_var/Acc00, 750, 0, 
4, 7, static_var/Acc00, 770, 0, 
4, 7, static_var/Acc00, 780, 0, 
4, 7, static_var/Acc00, 790, 0, 
4, 7, static_var/Acc00, 800, 0, 
4, 7, static_var/Acc00, 810, 0, 
4, 7, static_var/Acc00, 820, 0, 
4, 7, static_var/Acc00, 830, 0, 
4, 7, static_var/Acc00, 840, 0, 
4, 7, static_var/Acc00, 870, 0, 
4, 7, static_var/Acc00, 890, 0, 
4, 7, static_var/Acc00, 920, 0, 
4, 7, static_var/Acc00, 1190, 0, 
4, 7, static_var/BD000, 0, 0, 
4, 7, static_var/BD000, 80, 0, 
4, 7, static_var/BD000, 85, 0, 
4, 7, static_var/BD000, 90, 0, 
4, 7, static_var/BD000, 95, 0, 
4, 7, static_var/BD000, 100, 0, 
4, 7, static_var/BD000, 105, 0, 
4, 7, static_var/BD000, 110, 0, 
4, 7, static_var/Bio03, 0, 0, 
4, 7, static_var/Bio03, 460, 0, 
4, 7, static_var/Bio03, 480, 0, 
4, 7, static_var/Bio03, 485, 0, 
4, 7, static_var/Bio03, 490, 0, 
4, 7, static_var/Bio03, 500, 0, 
4, 7, static_var/Bio03, 505, 0, 
4, 7, static_var/Bio04, 0, 0, 
4, 7, static_var/Bio04, 625, 0, 
4, 7, static_var/Bio04, 630, 0, 
4, 7, static_var/Bio04, 640, 0, 
4, 7, static_var/Bio04, 730, 0, 
4, 7, static_var/Bio04, 735, 0, 
4, 7, static_var/Bio04, 750, 0, 
4, 7, static_var/Bio05, 0, 0, 
4, 7, static_var/Bio05, 300, 0, 
4, 7, static_var/Bio05, 305, 0, 
4, 7, static_var/Bio05, 310, 0, 
4, 7, static_var/Bio05, 315, 0, 
4, 7, static_var/Bio05, 320, 0, 
4, 7, static_var/Bio06, 0, 0, 
4, 7, static_var/Bio06, 215, 0, 
4, 7, static_var/Bio06, 230, 0, 
4, 7, static_var/Bio06, 235, 0, 
4, 7, static_var/Bio06, 240, 0, 
4, 7, static_var/Bio06, 245, 0, 
4, 7, static_var/Bio06, 255, 0, 
4, 7, static_var/Bio06, 260, 0, 
4, 7, static_var/Bio12, 0, 0, 
4, 7, static_var/Bio12, 1700, 0, 
4, 7, static_var/Bio12, 1900, 0, 
4, 7, static_var/Bio12, 2000, 0, 
4, 7, static_var/Bio12, 2100, 0, 
4, 7, static_var/Bio12, 2300, 0, 
4, 7, static_var/Bio12, 2400, 0, 
4, 7, static_var/Bio12, 2600, 0, 
4, 7, static_var/Bio12, 2700, 0, 
4, 7, static_var/Bio12, 2800, 0, 
4, 7, static_var/Bio12, 3000, 0, 
4, 7, static_var/Bio12, 3100, 0, 
4, 7, static_var/Bio12, 3300, 0, 
4, 7, static_var/Bio12, 3900, 0, 
4, 7, static_var/Bio12, 4000, 0, 
4, 7, static_var/Bio12, 4100, 0, 
4, 7, static_var/Bio12, 4200, 0, 
4, 7, static_var/Bio12, 4300, 0, 
4, 7, static_var/Bio14, 0, 0, 
4, 7, static_var/Bio14, 5, 0, 
4, 7, static_var/Bio14, 10, 0, 
4, 7, static_var/Bio14, 15, 0, 
4, 7, static_var/Bio14, 20, 0, 
4, 7, static_var/Bio14, 30, 0, 
4, 7, static_var/Bio14, 35, 0, 
4, 7, static_var/Bio14, 40, 0, 
4, 7, static_var/Bio14, 45, 0, 
4, 7, static_var/Bio15, 0, 0, 
4, 7, static_var/Bio15, 65, 0, 
4, 7, static_var/Bio15, 70, 0, 
4, 7, static_var/Bio15, 75, 0, 
4, 7, static_var/Bio15, 80, 0, 
4, 7, static_var/Bio15, 85, 0, 
4, 7, static_var/Bio15, 90, 0, 
4, 7, static_var/Bio15, 95, 0, 
4, 7, static_var/Bio15, 100, 0, 
4, 7, static_var/Bio15, 105, 0, 
4, 7, static_var/Bio15, 110, 0, 
4, 7, static_var/Bio18, 0, 0, 
4, 7, static_var/Bio18, 115, 0, 
4, 7, static_var/Bio18, 125, 0, 
4, 7, static_var/Bio18, 130, 0, 
4, 7, static_var/Bio18, 135, 0, 
4, 7, static_var/Bio18, 140, 0, 
4, 7, static_var/Bio18, 155, 0, 
4, 7, static_var/Bio18, 160, 0, 
4, 7, static_var/Bio18, 165, 0, 
4, 7, static_var/Bio18, 170, 0, 
4, 7, static_var/Bio18, 230, 0, 
4, 7, static_var/Bio18, 235, 0, 
4, 7, static_var/Bio18, 245, 0, 
4, 7, static_var/Bio18, 250, 0, 
4, 7, static_var/Bio18, 255, 0, 
4, 7, static_var/Bio18, 270, 0, 
4, 7, static_var/Bio18, 275, 0, 
4, 7, static_var/Bio18, 280, 0, 
4, 7, static_var/Bio18, 285, 0, 
4, 7, static_var/Bio18, 290, 0, 
4, 7, static_var/Bio18, 295, 0, 
4, 7, static_var/Bio18, 310, 0, 
4, 7, static_var/Bio18, 315, 0, 
4, 7, static_var/Bio18, 320, 0, 
4, 7, static_var/Bio18, 345, 0, 
4, 7, static_var/Bio18, 350, 0, 
4, 7, static_var/Cy000, 0, 0, 
4, 7, static_var/Cy000, 19, 0, 
4, 7, static_var/Cy000, 25, 0, 
4, 7, static_var/Cy000, 26, 0, 
4, 7, static_var/Cy000, 29, 0, 
4, 7, static_var/Cy000, 30, 0, 
4, 7, static_var/Cy000, 31, 0, 
4, 7, static_var/Cy000, 32, 0, 
4, 7, static_var/Cy000, 33, 0, 
4, 7, static_var/Cy000, 34, 0, 
4, 7, static_var/D_ComF, 0, 0, 
4, 7, static_var/D_ComF, 500, 0, 
4, 7, static_var/D_ComF, 1000, 0, 
4, 7, static_var/D_ComF, 3000, 0, 
4, 7, static_var/D_ComF, 3500, 0, 
4, 7, static_var/D_ComF, 5000, 0, 
4, 7, static_var/D_ComF, 7000, 0, 
4, 7, static_var/D_ComF, 7500, 0, 
4, 7, static_var/D_ComF, 8000, 0, 
4, 7, static_var/D_DefoI1, 0, 0, 
4, 7, static_var/D_DefoI1, 500, 0, 
4, 7, static_var/D_DefoI1, 1000, 0, 
4, 7, static_var/D_KBA, 0, 0, 
4, 7, static_var/D_KBA, 500, 0, 
4, 7, static_var/D_KBA, 1000, 0, 
4, 7, static_var/D_KBA, 1500, 0, 
4, 7, static_var/D_KBA, 4500, 0, 
4, 7, static_var/D_KBA, 5500, 0, 
4, 7, static_var/D_KBA, 16000, 0, 
4, 7, static_var/D_KBA, 18000, 0, 
4, 7, static_var/D_KBA, 18500, 0, 
4, 7, static_var/D_KBA, 19000, 0, 
4, 7, static_var/D_KBA, 20000, 0, 
4, 7, static_var/D_KBA, 20500, 0, 
4, 7, static_var/D_KBA, 21000, 0, 
4, 7, static_var/D_KBA, 21500, 0, 
4, 7, static_var/D_KBA, 22000, 0, 
4, 7, static_var/D_KBA, 22500, 0, 
4, 7, static_var/D_KBA, 24500, 0, 
4, 7, static_var/D_KBA, 25000, 0, 
4, 7, static_var/D_KBA, 25500, 0, 
4, 7, static_var/D_KBA, 26000, 0, 
4, 7, static_var/D_KBA, 26500, 0, 
4, 7, static_var/D_KBA, 27000, 0, 
4, 7, static_var/D_KBA, 27500, 0, 
4, 7, static_var/D_KBA, 28000, 0, 
4, 7, static_var/D_KBA, 28500, 0, 
4, 7, static_var/D_KBA, 29000, 0, 
4, 7, static_var/D_KBA, 29500, 0, 
4, 7, static_var/D_KBA, 30500, 0, 
4, 7, static_var/D_KBA, 31000, 0, 
4, 7, static_var/D_KBA, 31500, 0, 
4, 7, static_var/D_KBA, 32000, 0, 
4, 7, static_var/D_KBA, 32500, 0, 
4, 7, static_var/D_KBA, 33500, 0, 
4, 7, static_var/D_KBA, 34500, 0, 
4, 7, static_var/D_OPC, 0, 0, 
4, 7, static_var/D_OPC, 500, 0, 
4, 7, static_var/D_OPC, 1000, 0, 
4, 7, static_var/D_OPC, 2000, 0, 
4, 7, static_var/D_OPC, 4500, 0, 
4, 7, static_var/D_OPC, 5000, 0, 
4, 7, static_var/D_OPC, 6500, 0, 
4, 7, static_var/D_OPC, 7000, 0, 
4, 7, static_var/D_OPC, 7500, 0, 
4, 7, static_var/D_OPC, 10500, 0, 
4, 7, static_var/D_OPC, 12000, 0, 
4, 7, static_var/D_OPC, 14500, 0, 
4, 7, static_var/D_OPC, 15500, 0, 
4, 7, static_var/D_OPC, 16000, 0, 
4, 7, static_var/D_OPC, 16500, 0, 
4, 7, static_var/D_OPC, 17000, 0, 
4, 7, static_var/D_OPC, 18000, 0, 
4, 7, static_var/D_OPC, 36500, 0, 
4, 7, static_var/D_OPC, 37000, 0, 
4, 7, static_var/D_OPC, 38500, 0, 
4, 7, static_var/D_OPC, 39000, 0, 
4, 7, static_var/D_OPC, 44000, 0, 
4, 7, static_var/D_OPC, 44500, 0, 
4, 7, static_var/D_OPC, 45000, 0, 
4, 7, static_var/D_OPC, 46000, 0, 
4, 7, static_var/D_OPC, 47000, 0, 
4, 7, static_var/D_OPC, 48500, 0, 
4, 7, static_var/D_OPC, 49000, 0, 
4, 7, static_var/D_OPC, 50000, 0, 
4, 7, static_var/D_OPC, 50500, 0, 
4, 7, static_var/D_OPC, 51000, 0, 
4, 7, static_var/D_OPC, 52500, 0, 
4, 7, static_var/D_OPC, 53000, 0, 
4, 7, static_var/D_OPC, 54000, 0, 
4, 7, static_var/D_OPC, 54500, 0, 
4, 7, static_var/D_OPC, 55000, 0, 
4, 7, static_var/D_OPC, 56000, 0, 
4, 7, static_var/D_OPC, 56500, 0, 
4, 7, static_var/D_OPC, 59000, 0, 
4, 7, static_var/D_OPC, 59500, 0, 
4, 7, static_var/D_OPC, 61000, 0, 
4, 7, static_var/D_OPC, 62000, 0, 
4, 7, static_var/D_OPC, 62500, 0, 
4, 7, static_var/D_OPC, 63000, 0, 
4, 7, static_var/D_OPC, 63500, 0, 
4, 7, static_var/D_OPC, 68000, 0, 
4, 7, static_var/D_OPC, 68500, 0, 
4, 7, static_var/D_OPC, 69000, 0, 
4, 7, static_var/D_OPC, 79500, 0, 
4, 7, static_var/D_OPC, 80000, 0, 
4, 7, static_var/D_OPC, 81500, 0, 
4, 7, static_var/D_OPC, 82000, 0, 
4, 7, static_var/D_OPC, 86500, 0, 
4, 7, static_var/D_OPC, 87000, 0, 
4, 7, static_var/D_PA, 0, 0, 
4, 7, static_var/D_PA, 500, 0, 
4, 7, static_var/D_PA, 1500, 0, 
4, 7, static_var/D_PA, 2000, 0, 
4, 7, static_var/D_PA, 2500, 0, 
4, 7, static_var/D_PA, 11000, 0, 
4, 7, static_var/D_PA, 11500, 0, 
4, 7, static_var/D_PA, 12500, 0, 
4, 7, static_var/D_PA, 15500, 0, 
4, 7, static_var/D_PA, 30500, 0, 
4, 7, static_var/D_PA, 31000, 0, 
4, 7, static_var/D_PA, 33000, 0, 
4, 7, static_var/D_PA, 33500, 0, 
4, 7, static_var/D_PA, 34000, 0, 
4, 7, static_var/D_PA, 35000, 0, 
4, 7, static_var/D_PA, 35500, 0, 
4, 7, static_var/D_PA, 36500, 0, 
4, 7, static_var/D_PA, 44500, 0, 
4, 7, static_var/D_PA, 45000, 0, 
4, 7, static_var/D_Rbr1996, 0, 0, 
4, 7, static_var/D_Rbr1996, 500, 0, 
4, 7, static_var/D_Rbr1996, 1000, 0, 
4, 7, static_var/D_Rbr1996, 1500, 0, 
4, 7, static_var/D_Rbr1996, 2000, 0, 
4, 7, static_var/D_Rbr1996, 7500, 0, 
4, 7, static_var/D_Rbr1996, 12500, 0, 
4, 7, static_var/D_Rbr1996, 13000, 0, 
4, 7, static_var/D_ResF, 0, 0, 
4, 7, static_var/D_ResF, 500, 0, 
4, 7, static_var/D_ResF, 1000, 0, 
4, 7, static_var/D_ResF, 6000, 0, 
4, 7, static_var/D_ResF, 9000, 0, 
4, 7, static_var/D_ResF, 9500, 0, 
4, 7, static_var/D_ResF, 10500, 0, 
4, 7, static_var/D_ResF, 11000, 0, 
4, 7, static_var/D_ResF, 11500, 0, 
4, 7, static_var/D_ResF, 15500, 0, 
4, 7, static_var/D_ResF, 16000, 0, 
4, 7, static_var/D_ResF, 16500, 0, 
4, 7, static_var/D_ResF, 17000, 0, 
4, 7, static_var/D_ResF, 17500, 0, 
4, 7, static_var/D_ResF, 19000, 0, 
4, 7, static_var/D_ResF, 20000, 0, 
4, 7, static_var/D_River, 0, 0, 
4, 7, static_var/D_River, 500, 0, 
4, 7, static_var/D_River, 1000, 0, 
4, 7, static_var/D_River, 2500, 0, 
4, 7, static_var/D_River, 6000, 0, 
4, 7, static_var/D_River, 6500, 0, 
4, 7, static_var/D_River, 7000, 0, 
4, 7, static_var/D_River, 8000, 0, 
4, 7, static_var/D_River, 8500, 0, 
4, 7, static_var/D_River, 9000, 0, 
4, 7, static_var/D_River, 10000, 0, 
4, 7, static_var/D_River, 10500, 0, 
4, 7, static_var/D_River, 18000, 0, 
4, 7, static_var/D_River, 18500, 0, 
4, 7, static_var/D_Road, 0, 0, 
4, 7, static_var/D_Road, 500, 0, 
4, 7, static_var/D_Road, 1000, 0, 
4, 7, static_var/D_Road, 1500, 0, 
4, 7, static_var/D_Road, 2000, 0, 
4, 7, static_var/D_Road, 3000, 0, 
4, 7, static_var/D_Road, 3500, 0, 
4, 7, static_var/D_Road, 5500, 0, 
4, 7, static_var/D_Road, 6500, 0, 
4, 7, static_var/D_Road, 7000, 0, 
4, 7, static_var/D_Road, 7500, 0, 
4, 7, static_var/D_Town, 0, 0, 
4, 7, static_var/D_Town, 500, 0, 
4, 7, static_var/D_Town, 1000, 0, 
4, 7, static_var/D_Town, 4500, 0, 
4, 7, static_var/D_Town, 5000, 0, 
4, 7, static_var/D_Town, 27500, 0, 
4, 7, static_var/D_Town, 28000, 0, 
4, 7, static_var/D_Town, 31500, 0, 
4, 7, static_var/D_Town, 32000, 0, 
4, 7, static_var/D_Town, 32500, 0, 
4, 7, static_var/D_Town, 35500, 0, 
4, 7, static_var/D_Town, 36000, 0, 
4, 7, static_var/D_Town, 36500, 0, 
4, 7, static_var/D_Town, 38000, 0, 
4, 7, static_var/D_Vill, 0, 0, 
4, 7, static_var/D_Vill, 500, 0, 
4, 7, static_var/D_Vill, 2500, 0, 
4, 7, static_var/D_Vill, 3000, 0, 
4, 7, static_var/D_Vill, 3500, 0, 
4, 7, static_var/D_Vill, 4000, 0, 
4, 7, static_var/D_Vill, 5500, 0, 
4, 7, static_var/D_Vill, 9500, 0, 
4, 7, static_var/D_Vill, 14500, 0, 
4, 7, static_var/D_Vill, 15000, 0, 
4, 7, static_var/D_Vill, 26500, 0, 
4, 7, static_var/D_Vill, 27000, 0, 
4, 7, static_var/D_Vill, 27500, 0, 
4, 7, static_var/D_Vill, 28000, 0, 
4, 7, static_var/D_Vill, 28500, 0, 
4, 7, static_var/D_Vill, 29000, 0, 
4, 7, static_var/D_Vill, 29500, 0, 
4, 7, static_var/D_Vill, 30000, 0, 
4, 7, static_var/D_Vill, 30500, 0, 
4, 7, static_var/D_Vill, 31000, 0, 
4, 7, static_var/D_Vill, 31500, 0, 
4, 7, static_var/D_Vill, 32000, 0, 
4, 7, static_var/Elev, -30, 0, 
4, 7, static_var/Elev, 10, 0, 
4, 7, static_var/Elev, 20, 0, 
4, 7, static_var/Elev, 30, 0, 
4, 7, static_var/OC000, 0, 0, 
4, 7, static_var/OC000, 2, 0, 
4, 7, static_var/OC000, 9, 0, 
4, 7, static_var/OC000, 10, 0, 
4, 7, static_var/OC000, 11, 0, 
4, 7, static_var/OC000, 12, 0, 
4, 7, static_var/OC000, 13, 0, 
4, 7, static_var/PDn05, 0, 0, 
4, 7, static_var/PDn05, 10, 0, 
4, 7, static_var/PDn05, 20, 0, 
4, 7, static_var/PDn05, 30, 0, 
4, 7, static_var/PDn05, 40, 0, 
4, 7, static_var/PDn05, 50, 0, 
4, 7, static_var/PDn05, 60, 0, 
4, 7, static_var/PH000, 0, 0, 
4, 7, static_var/PH000, 38, 0, 
4, 7, static_var/PH000, 39, 0, 
4, 7, static_var/PH000, 41, 0, 
4, 7, static_var/PH000, 45, 0, 
4, 7, static_var/PH000, 46, 0, 
4, 7, static_var/PH000, 50, 0, 
4, 7, static_var/PH000, 51, 0, 
4, 7, static_var/PH000, 52, 0, 
4, 7, static_var/PH000, 54, 0, 
4, 7, static_var/Sd000, 0, 0, 
4, 7, static_var/Sd000, 40, 0, 
4, 7, static_var/Sd000, 41, 0, 
4, 7, static_var/Sd000, 43, 0, 
4, 7, static_var/Sd000, 44, 0, 
4, 7, static_var/Sd000, 45, 0, 
4, 7, static_var/Sd000, 47, 0, 
4, 7, static_var/Sd000, 48, 0, 
4, 7, static_var/Sd000, 49, 0, 
4, 7, static_var/Sd000, 52, 0, 
4, 7, static_var/Sd000, 53, 0, 
4, 7, static_var/Slope, 0, 0, 
4, 7, static_var/Slope, 5, 0, 
4, 7, static_var/Slope, 10, 0, 
4, 7, static_var/Slope, 15, 0, 
4, 7, static_var/Slope, 20, 0, 
4, 7, static_var/Slope, 25, 0, 
4, 7, static_var/WC000, 0, 0, 
4, 7, static_var/WC000, 24, 0, 
4, 7, static_var/WC000, 31, 0, 
4, 7, static_var/WC000, 33, 0, 
4, 7, static_var/WC000, 36, 0, 
4, 7, static_var/WC000, 37, 0, 
4, 7, static_var/WC000, 38, 0, 
4, 7, static_var/WC000, 39, 0, 
4, 7, static_var/WC000, 41, 0, 
4, 7, static_var/WC000, 42, 0, 
4, 7, static_var/WC000, 47, 0, 
4, 7, static_var/WC000, 48, 0, 
4, 7, static_var/WC000, 49, 0, 
4, 7, static_var/WC000, 50, 0, 
5, 7, distance/distance_to_7, 0, 0, 
5, 7, distance/distance_to_7, 500, 0, 
5, 7, distance/distance_to_7, 1000, 0, 
5, 7, distance/distance_to_7, 1500, 0, 
5, 7, distance/distance_to_7, 2000, 0, 
5, 7, distance/distance_to_7, 2500, 0, 
5, 7, distance/distance_to_7, 3000, 0, 
5, 7, static_var/Acc00, 0, 0, 
5, 7, static_var/Acc00, 50, 0, 
5, 7, static_var/Acc00, 60, 0, 
5, 7, static_var/Acc00, 70, 0, 
5, 7, static_var/Acc00, 80, 0, 
5, 7, static_var/Acc00, 90, 0, 
5, 7, static_var/Acc00, 100, 0, 
5, 7, static_var/Acc00, 110, 0, 
5, 7, static_var/Acc00, 120, 0, 
5, 7, static_var/Acc00, 170, 0, 
5, 7, static_var/Acc00, 180, 0, 
5, 7, static_var/Acc00, 190, 0, 
5, 7, static_var/Acc00, 200, 0, 
5, 7, static_var/Acc00, 210, 0, 
5, 7, static_var/Acc00, 220, 0, 
5, 7, static_var/Acc00, 230, 0, 
5, 7, static_var/Acc00, 240, 0, 
5, 7, static_var/Acc00, 270, 0, 
5, 7, static_var/Acc00, 280, 0, 
5, 7, static_var/Acc00, 290, 0, 
5, 7, static_var/Acc00, 300, 0, 
5, 7, static_var/Acc00, 330, 0, 
5, 7, static_var/Acc00, 340, 0, 
5, 7, static_var/Acc00, 350, 0, 
5, 7, static_var/Acc00, 360, 0, 
5, 7, static_var/Acc00, 420, 0, 
5, 7, static_var/Acc00, 430, 0, 
5, 7, static_var/Acc00, 450, 0, 
5, 7, static_var/Acc00, 460, 0, 
5, 7, static_var/Acc00, 490, 0, 
5, 7, static_var/Acc00, 510, 0, 
5, 7, static_var/Acc00, 520, 0, 
5, 7, static_var/Acc00, 530, 0, 
5, 7, static_var/Acc00, 540, 0, 
5, 7, static_var/Acc00, 550, 0, 
5, 7, static_var/Acc00, 560, 0, 
5, 7, static_var/Acc00, 570, 0, 
5, 7, static_var/Acc00, 580, 0, 
5, 7, static_var/Acc00, 590, 0, 
5, 7, static_var/Acc00, 600, 0, 
5, 7, static_var/Acc00, 610, 0, 
5, 7, static_var/Acc00, 640, 0, 
5, 7, static_var/Acc00, 650, 0, 
5, 7, static_var/Acc00, 660, 0, 
5, 7, static_var/Acc00, 670, 0, 
5, 7, static_var/Acc00, 680, 0, 
5, 7, static_var/Acc00, 690, 0, 
5, 7, static_var/Acc00, 710, 0, 
5, 7, static_var/Acc00, 720, 0, 
5, 7, static_var/Acc00, 730, 0, 
5, 7, static_var/BD000, 0, 0, 
5, 7, static_var/BD000, 45, 0, 
5, 7, static_var/BD000, 50, 0, 
5, 7, static_var/BD000, 55, 0, 
5, 7, static_var/BD000, 60, 0, 
5, 7, static_var/BD000, 65, 0, 
5, 7, static_var/BD000, 70, 0, 
5, 7, static_var/BD000, 75, 0, 
5, 7, static_var/BD000, 80, 0, 
5, 7, static_var/BD000, 110, 0, 
5, 7, static_var/BD000, 115, 0, 
5, 7, static_var/BD000, 120, 0, 
5, 7, static_var/Bio03, 0, 0, 
5, 7, static_var/Bio03, 430, 0, 
5, 7, static_var/Bio03, 435, 0, 
5, 7, static_var/Bio03, 440, 0, 
5, 7, static_var/Bio03, 445, 0, 
5, 7, static_var/Bio03, 450, 0, 
5, 7, static_var/Bio03, 455, 0, 
5, 7, static_var/Bio03, 460, 0, 
5, 7, static_var/Bio03, 465, 0, 
5, 7, static_var/Bio03, 470, 0, 
5, 7, static_var/Bio03, 475, 0, 
5, 7, static_var/Bio03, 480, 0, 
5, 7, static_var/Bio03, 485, 0, 
5, 7, static_var/Bio03, 490, 0, 
5, 7, static_var/Bio03, 495, 0, 
5, 7, static_var/Bio03, 500, 0, 
5, 7, static_var/Bio05, 0, 0, 
5, 7, static_var/Bio05, 290, 0, 
5, 7, static_var/Bio05, 295, 0, 
5, 7, static_var/Bio05, 305, 0, 
5, 7, static_var/Bio05, 310, 0, 
5, 7, static_var/Bio05, 315, 0, 
5, 7, static_var/Bio06, 0, 0, 
5, 7, static_var/Bio06, 225, 0, 
5, 7, static_var/Bio06, 230, 0, 
5, 7, static_var/Bio06, 250, 0, 
5, 7, static_var/Bio06, 255, 0, 
5, 7, static_var/Bio06, 260, 0, 
5, 7, static_var/Bio12, 0, 0, 
5, 7, static_var/Bio12, 2200, 0, 
5, 7, static_var/Bio12, 2300, 0, 
5, 7, static_var/Bio12, 2400, 0, 
5, 7, static_var/Bio12, 2500, 0, 
5, 7, static_var/Bio12, 2600, 0, 
5, 7, static_var/Bio12, 3300, 0, 
5, 7, static_var/Bio12, 3400, 0, 
5, 7, static_var/Bio12, 3500, 0, 
5, 7, static_var/Bio12, 3700, 0, 
5, 7, static_var/Bio14, 0, 0, 
5, 7, static_var/Bio14, 5, 0, 
5, 7, static_var/Bio14, 10, 0, 
5, 7, static_var/Bio14, 15, 0, 
5, 7, static_var/Bio14, 20, 0, 
5, 7, static_var/Bio14, 30, 0, 
5, 7, static_var/Bio14, 40, 0, 
5, 7, static_var/Bio14, 45, 0, 
5, 7, static_var/Bio14, 50, 0, 
5, 7, static_var/Bio18, 0, 0, 
5, 7, static_var/Bio18, 125, 0, 
5, 7, static_var/Bio18, 130, 0, 
5, 7, static_var/Bio18, 135, 0, 
5, 7, static_var/Bio18, 140, 0, 
5, 7, static_var/Bio18, 150, 0, 
5, 7, static_var/Bio18, 210, 0, 
5, 7, static_var/Bio18, 215, 0, 
5, 7, static_var/Bio18, 220, 0, 
5, 7, static_var/Bio18, 225, 0, 
5, 7, static_var/Bio18, 230, 0, 
5, 7, static_var/Bio18, 235, 0, 
5, 7, static_var/Bio18, 240, 0, 
5, 7, static_var/Bio18, 250, 0, 
5, 7, static_var/Bio18, 255, 0, 
5, 7, static_var/Bio18, 260, 0, 
5, 7, static_var/Bio18, 265, 0, 
5, 7, static_var/Bio18, 270, 0, 
5, 7, static_var/Bio18, 275, 0, 
5, 7, static_var/Bio18, 280, 0, 
5, 7, static_var/Bio18, 285, 0, 
5, 7, static_var/Bio18, 290, 0, 
5, 7, static_var/Bio18, 295, 0, 
5, 7, static_var/Bio18, 300, 0, 
5, 7, static_var/Bio18, 305, 0, 
5, 7, static_var/Bio18, 310, 0, 
5, 7, static_var/Bio18, 315, 0, 
5, 7, static_var/Bio18, 340, 0, 
5, 7, static_var/Bio18, 345, 0, 
5, 7, static_var/Bio18, 360, 0, 
5, 7, static_var/Bio18, 375, 0, 
5, 7, static_var/Bio18, 410, 0, 
5, 7, static_var/Bio18, 420, 0, 
5, 7, static_var/Bio18, 480, 0, 
5, 7, static_var/Cy000, 0, 0, 
5, 7, static_var/Cy000, 21, 0, 
5, 7, static_var/Cy000, 22, 0, 
5, 7, static_var/Cy000, 23, 0, 
5, 7, static_var/Cy000, 24, 0, 
5, 7, static_var/Cy000, 25, 0, 
5, 7, static_var/Cy000, 26, 0, 
5, 7, static_var/Cy000, 27, 0, 
5, 7, static_var/Cy000, 28, 0, 
5, 7, static_var/Cy000, 31, 0, 
5, 7, static_var/Cy000, 32, 0, 
5, 7, static_var/D_ComF, 0, 0, 
5, 7, static_var/D_ComF, 500, 0, 
5, 7, static_var/D_ComF, 1500, 0, 
5, 7, static_var/D_ComF, 2000, 0, 
5, 7, static_var/D_ComF, 2500, 0, 
5, 7, static_var/D_ComF, 3000, 0, 
5, 7, static_var/D_ComF, 3500, 0, 
5, 7, static_var/D_ComF, 4000, 0, 
5, 7, static_var/D_ComF, 4500, 0, 
5, 7, static_var/D_ComF, 6500, 0, 
5, 7, static_var/D_ComF, 7500, 0, 
5, 7, static_var/D_ComF, 8000, 0, 
5, 7, static_var/D_ComF, 8500, 0, 
5, 7, static_var/D_ComF, 9000, 0, 
5, 7, static_var/D_ComF, 9500, 0, 
5, 7, static_var/D_ComF, 17000, 0, 
5, 7, static_var/D_ComF, 17500, 0, 
5, 7, static_var/D_ComF, 18000, 0, 
5, 7, static_var/D_ComF, 18500, 0, 
5, 7, static_var/D_ComF, 19000, 0, 
5, 7, static_var/D_ComF, 21500, 0, 
5, 7, static_var/D_ComF, 22000, 0, 
5, 7, static_var/D_ComF, 22500, 0, 
5, 7, static_var/D_ComF, 23000, 0, 
5, 7, static_var/D_ComF, 23500, 0, 
5, 7, static_var/D_ComF, 24000, 0, 
5, 7, static_var/D_ComF, 25000, 0, 
5, 7, static_var/D_ComF, 25500, 0, 
5, 7, static_var/D_ComF, 26000, 0, 
5, 7, static_var/D_ComF, 27000, 0, 
5, 7, static_var/D_ComF, 27500, 0, 
5, 7, static_var/D_ComF, 28000, 0, 
5, 7, static_var/D_ComF, 28500, 0, 
5, 7, static_var/D_ComF, 29000, 0, 
5, 7, static_var/D_ComF, 29500, 0, 
5, 7, static_var/D_ComF, 30000, 0, 
5, 7, static_var/D_ComF, 30500, 0, 
5, 7, static_var/D_ComF, 31000, 0, 
5, 7, static_var/D_ComF, 31500, 0, 
5, 7, static_var/D_ComF, 32000, 0, 
5, 7, static_var/D_ComF, 33000, 0, 
5, 7, static_var/D_ComF, 33500, 0, 
5, 7, static_var/D_ComF, 34000, 0, 
5, 7, static_var/D_ComF, 34500, 0, 
5, 7, static_var/D_ComF, 36000, 0, 
5, 7, static_var/D_ComF, 36500, 0, 
5, 7, static_var/D_ComF, 38000, 0, 
5, 7, static_var/D_ComF, 42500, 0, 
5, 7, static_var/D_ComF, 43000, 0, 
5, 7, static_var/D_ComF, 43500, 0, 
5, 7, static_var/D_ComF, 44500, 0, 
5, 7, static_var/D_ComF, 45000, 0, 
5, 7, static_var/D_ComF, 45500, 0, 
5, 7, static_var/D_ComF, 46000, 0, 
5, 7, static_var/D_ComF, 46500, 0, 
5, 7, static_var/D_ComF, 47500, 0, 
5, 7, static_var/D_ComF, 48000, 0, 
5, 7, static_var/D_ComF, 48500, 0, 
5, 7, static_var/D_ComF, 49000, 0, 
5, 7, static_var/D_ComF, 50000, 0, 
5, 7, static_var/D_ComF, 51000, 0, 
5, 7, static_var/D_ComF, 51500, 0, 
5, 7, static_var/D_ComF, 53500, 0, 
5, 7, static_var/D_ComF, 54000, 0, 
5, 7, static_var/D_ComF, 54500, 0, 
5, 7, static_var/D_ComF, 55000, 0, 
5, 7, static_var/D_ComF, 56500, 0, 
5, 7, static_var/D_ComF, 57000, 0, 
5, 7, static_var/D_ComF, 58000, 0, 
5, 7, static_var/D_ComF, 58500, 0, 
5, 7, static_var/D_ComF, 59000, 0, 
5, 7, static_var/D_ComF, 59500, 0, 
5, 7, static_var/D_ComF, 60000, 0, 
5, 7, static_var/D_ComF, 61000, 0, 
5, 7, static_var/D_ComF, 61500, 0, 
5, 7, static_var/D_ComF, 64500, 0, 
5, 7, static_var/D_ComF, 65500, 0, 
5, 7, static_var/D_ComF, 66500, 0, 
5, 7, static_var/D_ComF, 67000, 0, 
5, 7, static_var/D_DefoI1, 0, 0, 
5, 7, static_var/D_DefoI1, 500, 0, 
5, 7, static_var/D_DefoI1, 1000, 0, 
5, 7, static_var/D_KBA, 0, 0, 
5, 7, static_var/D_KBA, 500, 0, 
5, 7, static_var/D_KBA, 1000, 0, 
5, 7, static_var/D_KBA, 1500, 0, 
5, 7, static_var/D_KBA, 2000, 0, 
5, 7, static_var/D_KBA, 2500, 0, 
5, 7, static_var/D_KBA, 3000, 0, 
5, 7, static_var/D_KBA, 4000, 0, 
5, 7, static_var/D_KBA, 4500, 0, 
5, 7, static_var/D_KBA, 5000, 0, 
5, 7, static_var/D_KBA, 22500, 0, 
5, 7, static_var/D_KBA, 24500, 0, 
5, 7, static_var/D_KBA, 25000, 0, 
5, 7, static_var/D_KBA, 25500, 0, 
5, 7, static_var/D_KBA, 26000, 0, 
5, 7, static_var/D_KBA, 26500, 0, 
5, 7, static_var/D_KBA, 27000, 0, 
5, 7, static_var/D_KBA, 28000, 0, 
5, 7, static_var/D_KBA, 28500, 0, 
5, 7, static_var/D_KBA, 29500, 0, 
5, 7, static_var/D_KBA, 31500, 0, 
5, 7, static_var/D_KBA, 33000, 0, 
5, 7, static_var/D_KBA, 33500, 0, 
5, 7, static_var/D_KBA, 34000, 0, 
5, 7, static_var/D_KBA, 35500, 0, 
5, 7, static_var/D_KBA, 36000, 0, 
5, 7, static_var/D_KBA, 36500, 0, 
5, 7, static_var/D_KBA, 37000, 0, 
5, 7, static_var/D_KBA, 37500, 0, 
5, 7, static_var/D_KBA, 38500, 0, 
5, 7, static_var/D_KBA, 39000, 0, 
5, 7, static_var/D_KBA, 41000, 0, 
5, 7, static_var/D_KBA, 41500, 0, 
5, 7, static_var/D_KBA, 48000, 0, 
5, 7, static_var/D_KBA, 48500, 0, 
5, 7, static_var/D_KBA, 49500, 0, 
5, 7, static_var/D_KBA, 50500, 0, 
5, 7, static_var/D_KBA, 55000, 0, 
5, 7, static_var/D_KBA, 56000, 0, 
5, 7, static_var/D_KBA, 66000, 0, 
5, 7, static_var/D_KBA, 69500, 0, 
5, 7, static_var/D_KBA, 100000, 0, 
5, 7, static_var/D_KBA, 120000, 0, 
5, 7, static_var/D_KBA, 126500, 0, 
5, 7, static_var/D_KBA, 127000, 0, 
5, 7, static_var/D_OPC, 0, 0, 
5, 7, static_var/D_OPC, 500, 0, 
5, 7, static_var/D_OPC, 4000, 0, 
5, 7, static_var/D_OPC, 4500, 0, 
5, 7, static_var/D_OPC, 5000, 0, 
5, 7, static_var/D_OPC, 6000, 0, 
5, 7, static_var/D_OPC, 6500, 0, 
5, 7, static_var/D_OPC, 7000, 0, 
5, 7, static_var/D_OPC, 7500, 0, 
5, 7, static_var/D_OPC, 8000, 0, 
5, 7, static_var/D_OPC, 8500, 0, 
5, 7, static_var/D_OPC, 9000, 0, 
5, 7, static_var/D_OPC, 9500, 0, 
5, 7, static_var/D_OPC, 10500, 0, 
5, 7, static_var/D_OPC, 11000, 0, 
5, 7, static_var/D_OPC, 11500, 0, 
5, 7, static_var/D_OPC, 12000, 0, 
5, 7, static_var/D_OPC, 13000, 0, 
5, 7, static_var/D_OPC, 13500, 0, 
5, 7, static_var/D_OPC, 14000, 0, 
5, 7, static_var/D_OPC, 14500, 0, 
5, 7, static_var/D_OPC, 18000, 0, 
5, 7, static_var/D_OPC, 19000, 0, 
5, 7, static_var/D_OPC, 19500, 0, 
5, 7, static_var/D_OPC, 20500, 0, 
5, 7, static_var/D_OPC, 21000, 0, 
5, 7, static_var/D_OPC, 21500, 0, 
5, 7, static_var/D_OPC, 22000, 0, 
5, 7, static_var/D_OPC, 22500, 0, 
5, 7, static_var/D_OPC, 23000, 0, 
5, 7, static_var/D_OPC, 23500, 0, 
5, 7, static_var/D_OPC, 24000, 0, 
5, 7, static_var/D_OPC, 24500, 0, 
5, 7, static_var/D_OPC, 25000, 0, 
5, 7, static_var/D_OPC, 25500, 0, 
5, 7, static_var/D_OPC, 34500, 0, 
5, 7, static_var/D_OPC, 35000, 0, 
5, 7, static_var/D_OPC, 35500, 0, 
5, 7, static_var/D_OPC, 36000, 0, 
5, 7, static_var/D_OPC, 36500, 0, 
5, 7, static_var/D_OPC, 40500, 0, 
5, 7, static_var/D_OPC, 41000, 0, 
5, 7, static_var/D_OPC, 41500, 0, 
5, 7, static_var/D_OPC, 42000, 0, 
5, 7, static_var/D_OPC, 42500, 0, 
5, 7, static_var/D_OPC, 43000, 0, 
5, 7, static_var/D_OPC, 43500, 0, 
5, 7, static_var/D_OPC, 44000, 0, 
5, 7, static_var/D_OPC, 44500, 0, 
5, 7, static_var/D_OPC, 45000, 0, 
5, 7, static_var/D_OPC, 45500, 0, 
5, 7, static_var/D_OPC, 46000, 0, 
5, 7, static_var/D_OPC, 46500, 0, 
5, 7, static_var/D_OPC, 47000, 0, 
5, 7, static_var/D_OPC, 47500, 0, 
5, 7, static_var/D_OPC, 48000, 0, 
5, 7, static_var/D_OPC, 48500, 0, 
5, 7, static_var/D_OPC, 49500, 0, 
5, 7, static_var/D_OPC, 50000, 0, 
5, 7, static_var/D_OPC, 51000, 0, 
5, 7, static_var/D_OPC, 51500, 0, 
5, 7, static_var/D_OPC, 52000, 0, 
5, 7, static_var/D_OPC, 52500, 0, 
5, 7, static_var/D_OPC, 53000, 0, 
5, 7, static_var/D_OPC, 53500, 0, 
5, 7, static_var/D_OPC, 54000, 0, 
5, 7, static_var/D_OPC, 54500, 0, 
5, 7, static_var/D_OPC, 55000, 0, 
5, 7, static_var/D_OPC, 55500, 0, 
5, 7, static_var/D_OPC, 56000, 0, 
5, 7, static_var/D_OPC, 57000, 0, 
5, 7, static_var/D_OPC, 57500, 0, 
5, 7, static_var/D_OPC, 58000, 0, 
5, 7, static_var/D_OPC, 59000, 0, 
5, 7, static_var/D_OPC, 60000, 0, 
5, 7, static_var/D_OPC, 60500, 0, 
5, 7, static_var/D_OPC, 61000, 0, 
5, 7, static_var/D_OPC, 61500, 0, 
5, 7, static_var/D_OPC, 62000, 0, 
5, 7, static_var/D_OPC, 63000, 0, 
5, 7, static_var/D_OPC, 63500, 0, 
5, 7, static_var/D_OPC, 64000, 0, 
5, 7, static_var/D_OPC, 64500, 0, 
5, 7, static_var/D_OPC, 65000, 0, 
5, 7, static_var/D_OPC, 65500, 0, 
5, 7, static_var/D_OPC, 66500, 0, 
5, 7, static_var/D_OPC, 67000, 0, 
5, 7, static_var/D_OPC, 67500, 0, 
5, 7, static_var/D_OPC, 68000, 0, 
5, 7, static_var/D_OPC, 70000, 0, 
5, 7, static_var/D_OPC, 70500, 0, 
5, 7, static_var/D_OPC, 71000, 0, 
5, 7, static_var/D_OPC, 72000, 0, 
5, 7, static_var/D_OPC, 76000, 0, 
5, 7, static_var/D_OPC, 76500, 0, 
5, 7, static_var/D_OPC, 77500, 0, 
5, 7, static_var/D_OPC, 78500, 0, 
5, 7, static_var/D_OPC, 79500, 0, 
5, 7, static_var/D_OPC, 80000, 0, 
5, 7, static_var/D_OPC, 81500, 0, 
5, 7, static_var/D_OPC, 82000, 0, 
5, 7, static_var/D_OPC, 83500, 0, 
5, 7, static_var/D_OPC, 84000, 0, 
5, 7, static_var/D_OPC, 84500, 0, 
5, 7, static_var/D_OPC, 85500, 0, 
5, 7, static_var/D_OPC, 86000, 0, 
5, 7, static_var/D_OPC, 86500, 0, 
5, 7, static_var/D_OPC, 87000, 0, 
5, 7, static_var/D_OPC, 88000, 0, 
5, 7, static_var/D_OPC, 88500, 0, 
5, 7, static_var/D_OPC, 89500, 0, 
5, 7, static_var/D_OPC, 90000, 0, 
5, 7, static_var/D_OPC, 90500, 0, 
5, 7, static_var/D_OPC, 91000, 0, 
5, 7, static_var/D_OPC, 91500, 0, 
5, 7, static_var/D_OPC, 92500, 0, 
5, 7, static_var/D_OPC, 93000, 0, 
5, 7, static_var/D_OPC, 94000, 0, 
5, 7, static_var/D_OPC, 95000, 0, 
5, 7, static_var/D_OPC, 95500, 0, 
5, 7, static_var/D_OPC, 112000, 0, 
5, 7, static_var/D_OPC, 113000, 0, 
5, 7, static_var/D_PA, 0, 0, 
5, 7, static_var/D_PA, 500, 0, 
5, 7, static_var/D_PA, 2000, 0, 
5, 7, static_var/D_PA, 3000, 0, 
5, 7, static_var/D_PA, 3500, 0, 
5, 7, static_var/D_PA, 5500, 0, 
5, 7, static_var/D_PA, 6000, 0, 
5, 7, static_var/D_PA, 6500, 0, 
5, 7, static_var/D_PA, 7000, 0, 
5, 7, static_var/D_PA, 7500, 0, 
5, 7, static_var/D_PA, 8000, 0, 
5, 7, static_var/D_PA, 8500, 0, 
5, 7, static_var/D_PA, 9000, 0, 
5, 7, static_var/D_PA, 9500, 0, 
5, 7, static_var/D_PA, 10500, 0, 
5, 7, static_var/D_PA, 11000, 0, 
5, 7, static_var/D_PA, 13000, 0, 
5, 7, static_var/D_PA, 13500, 0, 
5, 7, static_var/D_PA, 14000, 0, 
5, 7, static_var/D_PA, 14500, 0, 
5, 7, static_var/D_PA, 15000, 0, 
5, 7, static_var/D_PA, 15500, 0, 
5, 7, static_var/D_PA, 16000, 0, 
5, 7, static_var/D_PA, 16500, 0, 
5, 7, static_var/D_PA, 17000, 0, 
5, 7, static_var/D_PA, 18500, 0, 
5, 7, static_var/D_PA, 19000, 0, 
5, 7, static_var/D_PA, 19500, 0, 
5, 7, static_var/D_PA, 20000, 0, 
5, 7, static_var/D_PA, 20500, 0, 
5, 7, static_var/D_PA, 21500, 0, 
5, 7, static_var/D_PA, 25000, 0, 
5, 7, static_var/D_PA, 25500, 0, 
5, 7, static_var/D_PA, 27500, 0, 
5, 7, static_var/D_PA, 28000, 0, 
5, 7, static_var/D_PA, 28500, 0, 
5, 7, static_var/D_PA, 29000, 0, 
5, 7, static_var/D_PA, 31000, 0, 
5, 7, static_var/D_PA, 32000, 0, 
5, 7, static_var/D_PA, 32500, 0, 
5, 7, static_var/D_PA, 33500, 0, 
5, 7, static_var/D_PA, 34000, 0, 
5, 7, static_var/D_PA, 34500, 0, 
5, 7, static_var/D_PA, 35000, 0, 
5, 7, static_var/D_PA, 35500, 0, 
5, 7, static_var/D_PA, 36000, 0, 
5, 7, static_var/D_PA, 36500, 0, 
5, 7, static_var/D_PA, 38500, 0, 
5, 7, static_var/D_PA, 44500, 0, 
5, 7, static_var/D_PA, 45000, 0, 
5, 7, static_var/D_PA, 45500, 0, 
5, 7, static_var/D_PA, 46000, 0, 
5, 7, static_var/D_PA, 51500, 0, 
5, 7, static_var/D_PA, 52000, 0, 
5, 7, static_var/D_PA, 52500, 0, 
5, 7, static_var/D_PA, 53000, 0, 
5, 7, static_var/D_PA, 53500, 0, 
5, 7, static_var/D_PA, 54000, 0, 
5, 7, static_var/D_PA, 54500, 0, 
5, 7, static_var/D_PA, 55000, 0, 
5, 7, static_var/D_PA, 58000, 0, 
5, 7, static_var/D_PA, 58500, 0, 
5, 7, static_var/D_PA, 59000, 0, 
5, 7, static_var/D_PA, 59500, 0, 
5, 7, static_var/D_PA, 60000, 0, 
5, 7, static_var/D_PA, 60500, 0, 
5, 7, static_var/D_PA, 61000, 0, 
5, 7, static_var/D_PA, 61500, 0, 
5, 7, static_var/D_PA, 62000, 0, 
5, 7, static_var/D_PA, 62500, 0, 
5, 7, static_var/D_PA, 63000, 0, 
5, 7, static_var/D_PA, 63500, 0, 
5, 7, static_var/D_PA, 64000, 0, 
5, 7, static_var/D_PA, 64500, 0, 
5, 7, static_var/D_PA, 65000, 0, 
5, 7, static_var/D_PA, 65500, 0, 
5, 7, static_var/D_PA, 66000, 0, 
5, 7, static_var/D_PA, 66500, 0, 
5, 7, static_var/D_PA, 67500, 0, 
5, 7, static_var/D_PA, 68000, 0, 
5, 7, static_var/D_PA, 69500, 0, 
5, 7, static_var/D_PA, 70500, 0, 
5, 7, static_var/D_PA, 71000, 0, 
5, 7, static_var/D_PA, 92000, 0, 
5, 7, static_var/D_PA, 93000, 0, 
5, 7, static_var/D_PA, 93500, 0, 
5, 7, static_var/D_PA, 94500, 0, 
5, 7, static_var/D_PA, 95000, 0, 
5, 7, static_var/D_PA, 96000, 0, 
5, 7, static_var/D_PA, 96500, 0, 
5, 7, static_var/D_PA, 104500, 0, 
5, 7, static_var/D_PA, 105500, 0, 
5, 7, static_var/D_PA, 106500, 0, 
5, 7, static_var/D_PA, 107000, 0, 
5, 7, static_var/D_Rbr1996, 0, 0, 
5, 7, static_var/D_Rbr1996, 500, 0, 
5, 7, static_var/D_Rbr1996, 1000, 0, 
5, 7, static_var/D_Rbr1996, 1500, 0, 
5, 7, static_var/D_Rbr1996, 2000, 0, 
5, 7, static_var/D_Rbr1996, 2500, 0, 
5, 7, static_var/D_Rbr1996, 3000, 0, 
5, 7, static_var/D_ResF, 0, 0, 
5, 7, static_var/D_ResF, 500, 0, 
5, 7, static_var/D_ResF, 1500, 0, 
5, 7, static_var/D_ResF, 2000, 0, 
5, 7, static_var/D_ResF, 2500, 0, 
5, 7, static_var/D_ResF, 3500, 0, 
5, 7, static_var/D_ResF, 4500, 0, 
5, 7, static_var/D_ResF, 5000, 0, 
5, 7, static_var/D_ResF, 5500, 0, 
5, 7, static_var/D_ResF, 6500, 0, 
5, 7, static_var/D_ResF, 7500, 0, 
5, 7, static_var/D_ResF, 8000, 0, 
5, 7, static_var/D_ResF, 8500, 0, 
5, 7, static_var/D_ResF, 10000, 0, 
5, 7, static_var/D_ResF, 10500, 0, 
5, 7, static_var/D_ResF, 11500, 0, 
5, 7, static_var/D_ResF, 12000, 0, 
5, 7, static_var/D_ResF, 12500, 0, 
5, 7, static_var/D_ResF, 13000, 0, 
5, 7, static_var/D_ResF, 13500, 0, 
5, 7, static_var/D_ResF, 14000, 0, 
5, 7, static_var/D_ResF, 15500, 0, 
5, 7, static_var/D_ResF, 25500, 0, 
5, 7, static_var/D_ResF, 27000, 0, 
5, 7, static_var/D_ResF, 27500, 0, 
5, 7, static_var/D_ResF, 28000, 0, 
5, 7, static_var/D_ResF, 28500, 0, 
5, 7, static_var/D_ResF, 29000, 0, 
5, 7, static_var/D_ResF, 29500, 0, 
5, 7, static_var/D_ResF, 30000, 0, 
5, 7, static_var/D_ResF, 30500, 0, 
5, 7, static_var/D_ResF, 31000, 0, 
5, 7, static_var/D_ResF, 31500, 0, 
5, 7, static_var/D_ResF, 33000, 0, 
5, 7, static_var/D_ResF, 34000, 0, 
5, 7, static_var/D_ResF, 34500, 0, 
5, 7, static_var/D_ResF, 35500, 0, 
5, 7, static_var/D_ResF, 36000, 0, 
5, 7, static_var/D_ResF, 36500, 0, 
5, 7, static_var/D_ResF, 37000, 0, 
5, 7, static_var/D_ResF, 37500, 0, 
5, 7, static_var/D_ResF, 38000, 0, 
5, 7, static_var/D_ResF, 38500, 0, 
5, 7, static_var/D_ResF, 39000, 0, 
5, 7, static_var/D_ResF, 39500, 0, 
5, 7, static_var/D_ResF, 40500, 0, 
5, 7, static_var/D_ResF, 41000, 0, 
5, 7, static_var/D_ResF, 41500, 0, 
5, 7, static_var/D_ResF, 42000, 0, 
5, 7, static_var/D_ResF, 43000, 0, 
5, 7, static_var/D_ResF, 43500, 0, 
5, 7, static_var/D_ResF, 44000, 0, 
5, 7, static_var/D_ResF, 48500, 0, 
5, 7, static_var/D_ResF, 49000, 0, 
5, 7, static_var/D_ResF, 57000, 0, 
5, 7, static_var/D_ResF, 57500, 0, 
5, 7, static_var/D_ResF, 59500, 0, 
5, 7, static_var/D_ResF, 61000, 0, 
5, 7, static_var/D_ResF, 62000, 0, 
5, 7, static_var/D_ResF, 62500, 0, 
5, 7, static_var/D_ResF, 66000, 0, 
5, 7, static_var/D_ResF, 67000, 0, 
5, 7, static_var/D_ResF, 83500, 0, 
5, 7, static_var/D_ResF, 89500, 0, 
5, 7, static_var/D_ResF, 109000, 0, 
5, 7, static_var/D_ResF, 109500, 0, 
5, 7, static_var/D_River, 0, 0, 
5, 7, static_var/D_River, 500, 0, 
5, 7, static_var/D_River, 7000, 0, 
5, 7, static_var/D_River, 7500, 0, 
5, 7, static_var/D_River, 8000, 0, 
5, 7, static_var/D_River, 8500, 0, 
5, 7, static_var/D_River, 9000, 0, 
5, 7, static_var/D_River, 9500, 0, 
5, 7, static_var/D_River, 10000, 0, 
5, 7, static_var/D_River, 10500, 0, 
5, 7, static_var/D_River, 11000, 0, 
5, 7, static_var/D_River, 28000, 0, 
5, 7, static_var/D_River, 28500, 0, 
5, 7, static_var/D_River, 29000, 0, 
5, 7, static_var/D_River, 29500, 0, 
5, 7, static_var/D_River, 30500, 0, 
5, 7, static_var/D_River, 31000, 0, 
5, 7, static_var/D_River, 31500, 0, 
5, 7, static_var/D_River, 32000, 0, 
5, 7, static_var/D_River, 37500, 0, 
5, 7, static_var/D_River, 38000, 0, 
5, 7, static_var/D_River, 39000, 0, 
5, 7, static_var/D_River, 49000, 0, 
5, 7, static_var/D_River, 49500, 0, 
5, 7, static_var/D_River, 50500, 0, 
5, 7, static_var/D_River, 51500, 0, 
5, 7, static_var/D_River, 53000, 0, 
5, 7, static_var/D_River, 53500, 0, 
5, 7, static_var/D_River, 54000, 0, 
5, 7, static_var/D_River, 54500, 0, 
5, 7, static_var/D_River, 55000, 0, 
5, 7, static_var/D_River, 55500, 0, 
5, 7, static_var/D_River, 56000, 0, 
5, 7, static_var/D_River, 57500, 0, 
5, 7, static_var/D_River, 58000, 0, 
5, 7, static_var/D_River, 59000, 0, 
5, 7, static_var/D_River, 59500, 0, 
5, 7, static_var/D_River, 60000, 0, 
5, 7, static_var/D_River, 60500, 0, 
5, 7, static_var/D_Road, 0, 0, 
5, 7, static_var/D_Road, 500, 0, 
5, 7, static_var/D_Road, 6000, 0, 
5, 7, static_var/D_Road, 6500, 0, 
5, 7, static_var/D_Road, 9000, 0, 
5, 7, static_var/D_Road, 10000, 0, 
5, 7, static_var/D_Road, 11000, 0, 
5, 7, static_var/D_Road, 11500, 0, 
5, 7, static_var/D_Road, 15000, 0, 
5, 7, static_var/D_Road, 15500, 0, 
5, 7, static_var/D_Road, 16000, 0, 
5, 7, static_var/D_Road, 16500, 0, 
5, 7, static_var/D_Road, 17000, 0, 
5, 7, static_var/D_Road, 20500, 0, 
5, 7, static_var/D_Road, 21000, 0, 
5, 7, static_var/D_Road, 21500, 0, 
5, 7, static_var/D_Road, 22000, 0, 
5, 7, static_var/D_Road, 27000, 0, 
5, 7, static_var/D_Road, 27500, 0, 
5, 7, static_var/D_Road, 28000, 0, 
5, 7, static_var/D_Road, 28500, 0, 
5, 7, static_var/D_Road, 29000, 0, 
5, 7, static_var/D_Road, 29500, 0, 
5, 7, static_var/D_Road, 30000, 0, 
5, 7, static_var/D_Road, 30500, 0, 
5, 7, static_var/D_Road, 31000, 0, 
5, 7, static_var/D_Road, 31500, 0, 
5, 7, static_var/D_Road, 34500, 0, 
5, 7, static_var/D_Road, 35000, 0, 
5, 7, static_var/D_Road, 37500, 0, 
5, 7, static_var/D_Road, 38500, 0, 
5, 7, static_var/D_Road, 49000, 0, 
5, 7, static_var/D_Road, 50500, 0, 
5, 7, static_var/D_Road, 51500, 0, 
5, 7, static_var/D_Road, 71500, 0, 
5, 7, static_var/D_Road, 78000, 0, 
5, 7, static_var/D_Road, 78500, 0, 
5, 7, static_var/D_Town, 0, 0, 
5, 7, static_var/D_Town, 1000, 0, 
5, 7, static_var/D_Town, 1500, 0, 
5, 7, static_var/D_Town, 2500, 0, 
5, 7, static_var/D_Town, 3000, 0, 
5, 7, static_var/D_Town, 3500, 0, 
5, 7, static_var/D_Town, 4000, 0, 
5, 7, static_var/D_Town, 4500, 0, 
5, 7, static_var/D_Town, 5000, 0, 
5, 7, static_var/D_Town, 6500, 0, 
5, 7, static_var/D_Town, 7000, 0, 
5, 7, static_var/D_Town, 7500, 0, 
5, 7, static_var/D_Town, 8000, 0, 
5, 7, static_var/D_Town, 8500, 0, 
5, 7, static_var/D_Town, 9000, 0, 
5, 7, static_var/D_Town, 9500, 0, 
5, 7, static_var/D_Town, 10500, 0, 
5, 7, static_var/D_Town, 11500, 0, 
5, 7, static_var/D_Town, 12000, 0, 
5, 7, static_var/D_Town, 12500, 0, 
5, 7, static_var/D_Town, 13000, 0, 
5, 7, static_var/D_Town, 15500, 0, 
5, 7, static_var/D_Town, 16000, 0, 
5, 7, static_var/D_Town, 18000, 0, 
5, 7, static_var/D_Town, 18500, 0, 
5, 7, static_var/D_Town, 19500, 0, 
5, 7, static_var/D_Town, 20000, 0, 
5, 7, static_var/D_Town, 20500, 0, 
5, 7, static_var/D_Town, 21000, 0, 
5, 7, static_var/D_Town, 21500, 0, 
5, 7, static_var/D_Town, 22000, 0, 
5, 7, static_var/D_Town, 22500, 0, 
5, 7, static_var/D_Town, 23000, 0, 
5, 7, static_var/D_Town, 23500, 0, 
5, 7, static_var/D_Town, 25000, 0, 
5, 7, static_var/D_Town, 25500, 0, 
5, 7, static_var/D_Town, 26000, 0, 
5, 7, static_var/D_Town, 26500, 0, 
5, 7, static_var/D_Town, 28000, 0, 
5, 7, static_var/D_Town, 28500, 0, 
5, 7, static_var/D_Town, 29000, 0, 
5, 7, static_var/D_Town, 29500, 0, 
5, 7, static_var/D_Town, 30000, 0, 
5, 7, static_var/D_Town, 31500, 0, 
5, 7, static_var/D_Town, 32000, 0, 
5, 7, static_var/D_Town, 32500, 0, 
5, 7, static_var/D_Town, 33000, 0, 
5, 7, static_var/D_Town, 33500, 0, 
5, 7, static_var/D_Town, 34000, 0, 
5, 7, static_var/D_Town, 34500, 0, 
5, 7, static_var/D_Town, 35000, 0, 
5, 7, static_var/D_Town, 35500, 0, 
5, 7, static_var/D_Town, 36000, 0, 
5, 7, static_var/D_Town, 36500, 0, 
5, 7, static_var/D_Town, 37000, 0, 
5, 7, static_var/D_Town, 37500, 0, 
5, 7, static_var/D_Town, 38000, 0, 
5, 7, static_var/D_Town, 38500, 0, 
5, 7, static_var/D_Town, 39000, 0, 
5, 7, static_var/D_Town, 39500, 0, 
5, 7, static_var/D_Town, 40000, 0, 
5, 7, static_var/D_Town, 40500, 0, 
5, 7, static_var/D_Town, 41000, 0, 
5, 7, static_var/D_Town, 42000, 0, 
5, 7, static_var/D_Town, 42500, 0, 
5, 7, static_var/D_Town, 43000, 0, 
5, 7, static_var/D_Town, 43500, 0, 
5, 7, static_var/D_Town, 44000, 0, 
5, 7, static_var/D_Town, 44500, 0, 
5, 7, static_var/D_Town, 45000, 0, 
5, 7, static_var/D_Town, 45500, 0, 
5, 7, static_var/D_Town, 47000, 0, 
5, 7, static_var/D_Town, 47500, 0, 
5, 7, static_var/D_Town, 48000, 0, 
5, 7, static_var/D_Town, 48500, 0, 
5, 7, static_var/D_Town, 49000, 0, 
5, 7, static_var/D_Town, 50000, 0, 
5, 7, static_var/D_Town, 50500, 0, 
5, 7, static_var/D_Town, 52500, 0, 
5, 7, static_var/D_Town, 53000, 0, 
5, 7, static_var/D_Town, 53500, 0, 
5, 7, static_var/D_Town, 54000, 0, 
5, 7, static_var/D_Town, 54500, 0, 
5, 7, static_var/D_Town, 55000, 0, 
5, 7, static_var/D_Town, 55500, 0, 
5, 7, static_var/D_Town, 56000, 0, 
5, 7, static_var/D_Town, 56500, 0, 
5, 7, static_var/D_Town, 57000, 0, 
5, 7, static_var/D_Town, 57500, 0, 
5, 7, static_var/D_Town, 58000, 0, 
5, 7, static_var/D_Town, 58500, 0, 
5, 7, static_var/D_Town, 59500, 0, 
5, 7, static_var/D_Town, 62500, 0, 
5, 7, static_var/D_Town, 63000, 0, 
5, 7, static_var/D_Town, 64000, 0, 
5, 7, static_var/D_Town, 64500, 0, 
5, 7, static_var/D_Town, 65000, 0, 
5, 7, static_var/D_Town, 65500, 0, 
5, 7, static_var/D_Town, 66000, 0, 
5, 7, static_var/D_Town, 66500, 0, 
5, 7, static_var/D_Town, 67000, 0, 
5, 7, static_var/D_Town, 67500, 0, 
5, 7, static_var/D_Town, 68000, 0, 
5, 7, static_var/D_Town, 68500, 0, 
5, 7, static_var/D_Town, 70500, 0, 
5, 7, static_var/D_Town, 71000, 0, 
5, 7, static_var/D_Town, 71500, 0, 
5, 7, static_var/D_Town, 72000, 0, 
5, 7, static_var/D_Town, 72500, 0, 
5, 7, static_var/D_Town, 73000, 0, 
5, 7, static_var/D_Town, 73500, 0, 
5, 7, static_var/D_Town, 74000, 0, 
5, 7, static_var/D_Town, 75000, 0, 
5, 7, static_var/D_Town, 75500, 0, 
5, 7, static_var/D_Town, 76000, 0, 
5, 7, static_var/D_Town, 76500, 0, 
5, 7, static_var/D_Town, 77000, 0, 
5, 7, static_var/D_Town, 77500, 0, 
5, 7, static_var/D_Town, 80500, 0, 
5, 7, static_var/D_Town, 82000, 0, 
5, 7, static_var/D_Town, 83000, 0, 
5, 7, static_var/D_Town, 83500, 0, 
5, 7, static_var/D_Town, 84000, 0, 
5, 7, static_var/D_Vill, 0, 0, 
5, 7, static_var/D_Vill, 500, 0, 
5, 7, static_var/D_Vill, 6000, 0, 
5, 7, static_var/D_Vill, 6500, 0, 
5, 7, static_var/D_Vill, 7000, 0, 
5, 7, static_var/D_Vill, 17500, 0, 
5, 7, static_var/D_Vill, 18000, 0, 
5, 7, static_var/D_Vill, 18500, 0, 
5, 7, static_var/D_Vill, 19000, 0, 
5, 7, static_var/D_Vill, 19500, 0, 
5, 7, static_var/D_Vill, 20000, 0, 
5, 7, static_var/D_Vill, 20500, 0, 
5, 7, static_var/D_Vill, 21000, 0, 
5, 7, static_var/D_Vill, 21500, 0, 
5, 7, static_var/D_Vill, 22000, 0, 
5, 7, static_var/D_Vill, 22500, 0, 
5, 7, static_var/D_Vill, 23000, 0, 
5, 7, static_var/D_Vill, 23500, 0, 
5, 7, static_var/D_Vill, 24000, 0, 
5, 7, static_var/D_Vill, 24500, 0, 
5, 7, static_var/D_Vill, 25000, 0, 
5, 7, static_var/D_Vill, 25500, 0, 
5, 7, static_var/D_Vill, 26000, 0, 
5, 7, static_var/D_Vill, 26500, 0, 
5, 7, static_var/D_Vill, 27000, 0, 
5, 7, static_var/D_Vill, 27500, 0, 
5, 7, static_var/D_Vill, 28000, 0, 
5, 7, static_var/D_Vill, 28500, 0, 
5, 7, static_var/D_Vill, 29000, 0, 
5, 7, static_var/D_Vill, 29500, 0, 
5, 7, static_var/D_Vill, 30500, 0, 
5, 7, static_var/D_Vill, 31500, 0, 
5, 7, static_var/D_Vill, 32000, 0, 
5, 7, static_var/D_Vill, 32500, 0, 
5, 7, static_var/D_Vill, 33000, 0, 
5, 7, static_var/D_Vill, 33500, 0, 
5, 7, static_var/D_Vill, 34000, 0, 
5, 7, static_var/D_Vill, 34500, 0, 
5, 7, static_var/D_Vill, 37000, 0, 
5, 7, static_var/D_Vill, 37500, 0, 
5, 7, static_var/D_Vill, 38000, 0, 
5, 7, static_var/D_Vill, 38500, 0, 
5, 7, static_var/D_Vill, 40500, 0, 
5, 7, static_var/D_Vill, 41000, 0, 
5, 7, static_var/D_Vill, 41500, 0, 
5, 7, static_var/D_Vill, 42000, 0, 
5, 7, static_var/D_Vill, 51000, 0, 
5, 7, static_var/D_Vill, 51500, 0, 
5, 7, static_var/D_Vill, 54000, 0, 
5, 7, static_var/D_Vill, 55000, 0, 
5, 7, static_var/D_Vill, 55500, 0, 
5, 7, static_var/D_Vill, 69000, 0, 
5, 7, static_var/D_Vill, 87500, 0, 
5, 7, static_var/D_Vill, 94500, 0, 
5, 7, static_var/D_Vill, 95500, 0, 
5, 7, static_var/OC000, 0, 0, 
5, 7, static_var/OC000, 3, 0, 
5, 7, static_var/OC000, 4, 0, 
5, 7, static_var/OC000, 9, 0, 
5, 7, static_var/OC000, 11, 0, 
5, 7, static_var/OC000, 13, 0, 
5, 7, static_var/OC000, 15, 0, 
5, 7, static_var/OC000, 17, 0, 
5, 7, static_var/OC000, 19, 0, 
5, 7, static_var/OC000, 23, 0, 
5, 7, static_var/OC000, 24, 0, 
5, 7, static_var/OC000, 25, 0, 
5, 7, static_var/OC000, 26, 0, 
5, 7, static_var/OC000, 27, 0, 
5, 7, static_var/OC000, 28, 0, 
5, 7, static_var/OC000, 29, 0, 
5, 7, static_var/OC000, 30, 0, 
5, 7, static_var/OC000, 31, 0, 
5, 7, static_var/OC000, 32, 0, 
5, 7, static_var/OC000, 33, 0, 
5, 7, static_var/OC000, 34, 0, 
5, 7, static_var/OC000, 35, 0, 
5, 7, static_var/OC000, 37, 0, 
5, 7, static_var/OC000, 40, 0, 
5, 7, static_var/OC000, 48, 0, 
5, 7, static_var/PH000, 0, 0, 
5, 7, static_var/PH000, 39, 0, 
5, 7, static_var/PH000, 40, 0, 
5, 7, static_var/PH000, 41, 0, 
5, 7, static_var/PH000, 45, 0, 
5, 7, static_var/PH000, 46, 0, 
5, 7, static_var/Sd000, 0, 0, 
5, 7, static_var/Sd000, 32, 0, 
5, 7, static_var/Sd000, 33, 0, 
5, 7, static_var/Sd000, 34, 0, 
5, 7, static_var/Sd000, 37, 0, 
5, 7, static_var/Sd000, 38, 0, 
5, 7, static_var/Sd000, 40, 0, 
5, 7, static_var/Sd000, 41, 0, 
5, 7, static_var/Sd000, 42, 0, 
5, 7, static_var/Sd000, 46, 0, 
5, 7, static_var/Sd000, 50, 0, 
5, 7, static_var/Sd000, 51, 0, 
5, 7, static_var/Slope, 0, 0, 
5, 7, static_var/Slope, 5, 0, 
5, 7, static_var/WC000, 0, 0, 
5, 7, static_var/WC000, 27, 0, 
5, 7, static_var/WC000, 28, 0, 
5, 7, static_var/WC000, 29, 0, 
5, 7, static_var/WC000, 30, 0, 
5, 7, static_var/WC000, 36, 0, 
5, 7, static_var/WC000, 38, 0, 
5, 7, static_var/WC000, 39, 0, 
5, 7, static_var/WC000, 40, 0, 
5, 7, static_var/WC000, 41, 0, 
5, 7, static_var/WC000, 42, 0, 
5, 7, static_var/WC000, 48, 0, 
5, 7, static_var/WC000, 50, 0, 
5, 7, static_var/WC000, 51, 0, 
5, 7, static_var/WC000, 52, 0, 
5, 7, static_var/WC000, 53, 0, 
6, 7, distance/distance_to_7, 0, 0, 
6, 7, distance/distance_to_7, 500, 0, 
6, 7, distance/distance_to_7, 1000, 0, 
6, 7, distance/distance_to_7, 1500, 0, 
6, 7, distance/distance_to_7, 2000, 0, 
6, 7, distance/distance_to_7, 2500, 0, 
6, 7, distance/distance_to_7, 3000, 0, 
6, 7, distance/distance_to_7, 6500, 0, 
6, 7, static_var/Acc00, 0, 0, 
6, 7, static_var/Acc00, 10, 0, 
6, 7, static_var/Acc00, 20, 0, 
6, 7, static_var/Acc00, 30, 0, 
6, 7, static_var/Acc00, 40, 0, 
6, 7, static_var/Acc00, 50, 0, 
6, 7, static_var/Acc00, 60, 0, 
6, 7, static_var/Acc00, 70, 0, 
6, 7, static_var/Acc00, 80, 0, 
6, 7, static_var/Acc00, 90, 0, 
6, 7, static_var/Acc00, 130, 0, 
6, 7, static_var/Acc00, 140, 0, 
6, 7, static_var/Acc00, 150, 0, 
6, 7, static_var/Acc00, 160, 0, 
6, 7, static_var/Acc00, 170, 0, 
6, 7, static_var/Acc00, 180, 0, 
6, 7, static_var/Acc00, 190, 0, 
6, 7, static_var/Acc00, 200, 0, 
6, 7, static_var/Acc00, 230, 0, 
6, 7, static_var/Acc00, 240, 0, 
6, 7, static_var/Acc00, 260, 0, 
6, 7, static_var/Acc00, 280, 0, 
6, 7, static_var/Acc00, 290, 0, 
6, 7, static_var/Acc00, 300, 0, 
6, 7, static_var/Acc00, 310, 0, 
6, 7, static_var/Acc00, 330, 0, 
6, 7, static_var/Acc00, 590, 0, 
6, 7, static_var/Acc00, 600, 0, 
6, 7, static_var/Acc00, 1190, 0, 
6, 7, static_var/Acc00, 1200, 0, 
6, 7, static_var/BD000, 0, 0, 
6, 7, static_var/BD000, 65, 0, 
6, 7, static_var/BD000, 75, 0, 
6, 7, static_var/BD000, 80, 0, 
6, 7, static_var/BD000, 85, 0, 
6, 7, static_var/BD000, 90, 0, 
6, 7, static_var/BD000, 95, 0, 
6, 7, static_var/BD000, 100, 0, 
6, 7, static_var/BD000, 105, 0, 
6, 7, static_var/BD000, 110, 0, 
6, 7, static_var/BD000, 115, 0, 
6, 7, static_var/BD000, 125, 0, 
6, 7, static_var/BD000, 130, 0, 
6, 7, static_var/BD000, 135, 0, 
6, 7, static_var/BD000, 140, 0, 
6, 7, static_var/Bio03, 0, 0, 
6, 7, static_var/Bio03, 435, 0, 
6, 7, static_var/Bio03, 445, 0, 
6, 7, static_var/Bio03, 450, 0, 
6, 7, static_var/Bio03, 455, 0, 
6, 7, static_var/Bio03, 460, 0, 
6, 7, static_var/Bio03, 465, 0, 
6, 7, static_var/Bio03, 470, 0, 
6, 7, static_var/Bio03, 475, 0, 
6, 7, static_var/Bio03, 480, 0, 
6, 7, static_var/Bio03, 485, 0, 
6, 7, static_var/Bio03, 490, 0, 
6, 7, static_var/Bio03, 495, 0, 
6, 7, static_var/Bio03, 500, 0, 
6, 7, static_var/Bio04, 0, 0, 
6, 7, static_var/Bio04, 605, 0, 
6, 7, static_var/Bio04, 610, 0, 
6, 7, static_var/Bio04, 615, 0, 
6, 7, static_var/Bio04, 620, 0, 
6, 7, static_var/Bio04, 625, 0, 
6, 7, static_var/Bio04, 630, 0, 
6, 7, static_var/Bio04, 640, 0, 
6, 7, static_var/Bio04, 650, 0, 
6, 7, static_var/Bio04, 655, 0, 
6, 7, static_var/Bio04, 660, 0, 
6, 7, static_var/Bio04, 670, 0, 
6, 7, static_var/Bio04, 675, 0, 
6, 7, static_var/Bio04, 690, 0, 
6, 7, static_var/Bio04, 735, 0, 
6, 7, static_var/Bio04, 740, 0, 
6, 7, static_var/Bio04, 755, 0, 
6, 7, static_var/Bio04, 760, 0, 
6, 7, static_var/Bio05, 0, 0, 
6, 7, static_var/Bio05, 295, 0, 
6, 7, static_var/Bio05, 300, 0, 
6, 7, static_var/Bio05, 305, 0, 
6, 7, static_var/Bio05, 310, 0, 
6, 7, static_var/Bio05, 315, 0, 
6, 7, static_var/Bio05, 320, 0, 
6, 7, static_var/Bio06, 0, 0, 
6, 7, static_var/Bio06, 210, 0, 
6, 7, static_var/Bio06, 215, 0, 
6, 7, static_var/Bio06, 220, 0, 
6, 7, static_var/Bio06, 225, 0, 
6, 7, static_var/Bio06, 230, 0, 
6, 7, static_var/Bio06, 235, 0, 
6, 7, static_var/Bio06, 240, 0, 
6, 7, static_var/Bio06, 245, 0, 
6, 7, static_var/Bio06, 250, 0, 
6, 7, static_var/Bio06, 255, 0, 
6, 7, static_var/Bio06, 260, 0, 
6, 7, static_var/Bio12, 0, 0, 
6, 7, static_var/Bio12, 1700, 0, 
6, 7, static_var/Bio12, 1800, 0, 
6, 7, static_var/Bio12, 1900, 0, 
6, 7, static_var/Bio12, 2000, 0, 
6, 7, static_var/Bio12, 3400, 0, 
6, 7, static_var/Bio12, 3500, 0, 
6, 7, static_var/Bio12, 3600, 0, 
6, 7, static_var/Bio12, 3700, 0, 
6, 7, static_var/Bio12, 3800, 0, 
6, 7, static_var/Bio12, 3900, 0, 
6, 7, static_var/Bio12, 4000, 0, 
6, 7, static_var/Bio12, 4100, 0, 
6, 7, static_var/Bio12, 4200, 0, 
6, 7, static_var/Bio12, 4300, 0, 
6, 7, static_var/Bio12, 4400, 0, 
6, 7, static_var/Bio12, 4500, 0, 
6, 7, static_var/Bio12, 5100, 0, 
6, 7, static_var/Bio12, 5200, 0, 
6, 7, static_var/Bio12, 5300, 0, 
6, 7, static_var/Bio12, 5400, 0, 
6, 7, static_var/Bio12, 5500, 0, 
6, 7, static_var/Bio12, 5600, 0, 
6, 7, static_var/Bio12, 5800, 0, 
6, 7, static_var/Bio12, 5900, 0, 
6, 7, static_var/Bio12, 6000, 0, 
6, 7, static_var/Bio12, 6100, 0, 
6, 7, static_var/Bio12, 6200, 0, 
6, 7, static_var/Bio14, 0, 0, 
6, 7, static_var/Bio14, 5, 0, 
6, 7, static_var/Bio14, 10, 0, 
6, 7, static_var/Bio14, 15, 0, 
6, 7, static_var/Bio14, 20, 0, 
6, 7, static_var/Bio18, 0, 0, 
6, 7, static_var/Bio18, 120, 0, 
6, 7, static_var/Bio18, 125, 0, 
6, 7, static_var/Bio18, 130, 0, 
6, 7, static_var/Bio18, 145, 0, 
6, 7, static_var/Bio18, 150, 0, 
6, 7, static_var/Bio18, 165, 0, 
6, 7, static_var/Bio18, 170, 0, 
6, 7, static_var/Bio18, 175, 0, 
6, 7, static_var/Bio18, 180, 0, 
6, 7, static_var/Bio18, 185, 0, 
6, 7, static_var/Bio18, 190, 0, 
6, 7, static_var/Bio18, 195, 0, 
6, 7, static_var/Bio18, 200, 0, 
6, 7, static_var/Bio18, 205, 0, 
6, 7, static_var/Bio18, 210, 0, 
6, 7, static_var/Bio18, 215, 0, 
6, 7, static_var/Bio18, 220, 0, 
6, 7, static_var/Bio18, 230, 0, 
6, 7, static_var/Bio18, 235, 0, 
6, 7, static_var/Bio18, 250, 0, 
6, 7, static_var/Bio18, 265, 0, 
6, 7, static_var/Bio18, 270, 0, 
6, 7, static_var/Bio18, 275, 0, 
6, 7, static_var/Bio18, 280, 0, 
6, 7, static_var/Bio18, 290, 0, 
6, 7, static_var/Bio18, 295, 0, 
6, 7, static_var/Bio18, 300, 0, 
6, 7, static_var/Bio18, 325, 0, 
6, 7, static_var/Bio18, 330, 0, 
6, 7, static_var/Cy000, 0, 0, 
6, 7, static_var/Cy000, 19, 0, 
6, 7, static_var/Cy000, 20, 0, 
6, 7, static_var/Cy000, 24, 0, 
6, 7, static_var/Cy000, 25, 0, 
6, 7, static_var/Cy000, 29, 0, 
6, 7, static_var/Cy000, 32, 0, 
6, 7, static_var/Cy000, 33, 0, 
6, 7, static_var/D_ComF, 0, 0, 
6, 7, static_var/D_ComF, 500, 0, 
6, 7, static_var/D_ComF, 2000, 0, 
6, 7, static_var/D_ComF, 2500, 0, 
6, 7, static_var/D_ComF, 3000, 0, 
6, 7, static_var/D_ComF, 3500, 0, 
6, 7, static_var/D_ComF, 4000, 0, 
6, 7, static_var/D_ComF, 4500, 0, 
6, 7, static_var/D_ComF, 5000, 0, 
6, 7, static_var/D_ComF, 5500, 0, 
6, 7, static_var/D_ComF, 6000, 0, 
6, 7, static_var/D_ComF, 6500, 0, 
6, 7, static_var/D_ComF, 7000, 0, 
6, 7, static_var/D_ComF, 21000, 0, 
6, 7, static_var/D_ComF, 21500, 0, 
6, 7, static_var/D_ComF, 22000, 0, 
6, 7, static_var/D_ComF, 23000, 0, 
6, 7, static_var/D_ComF, 24000, 0, 
6, 7, static_var/D_ComF, 25000, 0, 
6, 7, static_var/D_ComF, 26000, 0, 
6, 7, static_var/D_ComF, 26500, 0, 
6, 7, static_var/D_ComF, 27000, 0, 
6, 7, static_var/D_ComF, 27500, 0, 
6, 7, static_var/D_ComF, 28000, 0, 
6, 7, static_var/D_ComF, 74000, 0, 
6, 7, static_var/D_ComF, 90000, 0, 
6, 7, static_var/D_DefoI1, 0, 0, 
6, 7, static_var/D_DefoI1, 500, 0, 
6, 7, static_var/D_DefoI1, 1000, 0, 
6, 7, static_var/D_DefoI1, 1500, 0, 
6, 7, static_var/D_KBA, 0, 0, 
6, 7, static_var/D_KBA, 500, 0, 
6, 7, static_var/D_KBA, 1000, 0, 
6, 7, static_var/D_KBA, 9500, 0, 
6, 7, static_var/D_KBA, 10000, 0, 
6, 7, static_var/D_KBA, 10500, 0, 
6, 7, static_var/D_KBA, 15000, 0, 
6, 7, static_var/D_KBA, 15500, 0, 
6, 7, static_var/D_KBA, 16500, 0, 
6, 7, static_var/D_KBA, 17500, 0, 
6, 7, static_var/D_KBA, 18000, 0, 
6, 7, static_var/D_KBA, 19500, 0, 
6, 7, static_var/D_KBA, 20500, 0, 
6, 7, static_var/D_KBA, 22000, 0, 
6, 7, static_var/D_KBA, 22500, 0, 
6, 7, static_var/D_KBA, 23500, 0, 
6, 7, static_var/D_KBA, 24000, 0, 
6, 7, static_var/D_KBA, 24500, 0, 
6, 7, static_var/D_KBA, 26000, 0, 
6, 7, static_var/D_KBA, 27000, 0, 
6, 7, static_var/D_KBA, 27500, 0, 
6, 7, static_var/D_KBA, 28000, 0, 
6, 7, static_var/D_KBA, 28500, 0, 
6, 7, static_var/D_KBA, 29500, 0, 
6, 7, static_var/D_KBA, 30000, 0, 
6, 7, static_var/D_KBA, 31000, 0, 
6, 7, static_var/D_KBA, 31500, 0, 
6, 7, static_var/D_KBA, 47000, 0, 
6, 7, static_var/D_KBA, 47500, 0, 
6, 7, static_var/D_OPC, 0, 0, 
6, 7, static_var/D_OPC, 500, 0, 
6, 7, static_var/D_OPC, 1000, 0, 
6, 7, static_var/D_OPC, 1500, 0, 
6, 7, static_var/D_OPC, 11000, 0, 
6, 7, static_var/D_OPC, 11500, 0, 
6, 7, static_var/D_OPC, 12000, 0, 
6, 7, static_var/D_OPC, 13000, 0, 
6, 7, static_var/D_OPC, 13500, 0, 
6, 7, static_var/D_OPC, 14000, 0, 
6, 7, static_var/D_OPC, 14500, 0, 
6, 7, static_var/D_OPC, 15000, 0, 
6, 7, static_var/D_OPC, 15500, 0, 
6, 7, static_var/D_OPC, 16000, 0, 
6, 7, static_var/D_OPC, 16500, 0, 
6, 7, static_var/D_OPC, 17000, 0, 
6, 7, static_var/D_OPC, 17500, 0, 
6, 7, static_var/D_OPC, 19500, 0, 
6, 7, static_var/D_OPC, 20500, 0, 
6, 7, static_var/D_OPC, 21000, 0, 
6, 7, static_var/D_OPC, 21500, 0, 
6, 7, static_var/D_OPC, 22000, 0, 
6, 7, static_var/D_OPC, 22500, 0, 
6, 7, static_var/D_OPC, 23000, 0, 
6, 7, static_var/D_OPC, 24500, 0, 
6, 7, static_var/D_OPC, 25000, 0, 
6, 7, static_var/D_OPC, 28000, 0, 
6, 7, static_var/D_OPC, 28500, 0, 
6, 7, static_var/D_OPC, 29000, 0, 
6, 7, static_var/D_OPC, 29500, 0, 
6, 7, static_var/D_OPC, 30000, 0, 
6, 7, static_var/D_OPC, 30500, 0, 
6, 7, static_var/D_OPC, 31000, 0, 
6, 7, static_var/D_OPC, 31500, 0, 
6, 7, static_var/D_OPC, 32000, 0, 
6, 7, static_var/D_OPC, 32500, 0, 
6, 7, static_var/D_OPC, 33000, 0, 
6, 7, static_var/D_OPC, 33500, 0, 
6, 7, static_var/D_OPC, 34000, 0, 
6, 7, static_var/D_OPC, 34500, 0, 
6, 7, static_var/D_OPC, 35000, 0, 
6, 7, static_var/D_OPC, 35500, 0, 
6, 7, static_var/D_OPC, 38500, 0, 
6, 7, static_var/D_OPC, 39000, 0, 
6, 7, static_var/D_OPC, 39500, 0, 
6, 7, static_var/D_OPC, 41000, 0, 
6, 7, static_var/D_OPC, 43000, 0, 
6, 7, static_var/D_OPC, 43500, 0, 
6, 7, static_var/D_OPC, 44000, 0, 
6, 7, static_var/D_OPC, 44500, 0, 
6, 7, static_var/D_OPC, 45000, 0, 
6, 7, static_var/D_OPC, 45500, 0, 
6, 7, static_var/D_OPC, 46000, 0, 
6, 7, static_var/D_OPC, 46500, 0, 
6, 7, static_var/D_OPC, 48000, 0, 
6, 7, static_var/D_OPC, 48500, 0, 
6, 7, static_var/D_OPC, 49000, 0, 
6, 7, static_var/D_OPC, 49500, 0, 
6, 7, static_var/D_OPC, 50000, 0, 
6, 7, static_var/D_OPC, 52000, 0, 
6, 7, static_var/D_OPC, 52500, 0, 
6, 7, static_var/D_OPC, 53000, 0, 
6, 7, static_var/D_OPC, 53500, 0, 
6, 7, static_var/D_OPC, 54000, 0, 
6, 7, static_var/D_OPC, 54500, 0, 
6, 7, static_var/D_OPC, 70000, 0, 
6, 7, static_var/D_OPC, 71500, 0, 
6, 7, static_var/D_OPC, 79500, 0, 
6, 7, static_var/D_OPC, 83000, 0, 
6, 7, static_var/D_OPC, 84000, 0, 
6, 7, static_var/D_OPC, 84500, 0, 
6, 7, static_var/D_OPC, 86500, 0, 
6, 7, static_var/D_OPC, 89500, 0, 
6, 7, static_var/D_PA, 0, 0, 
6, 7, static_var/D_PA, 500, 0, 
6, 7, static_var/D_PA, 1000, 0, 
6, 7, static_var/D_PA, 1500, 0, 
6, 7, static_var/D_PA, 2000, 0, 
6, 7, static_var/D_PA, 2500, 0, 
6, 7, static_var/D_PA, 3000, 0, 
6, 7, static_var/D_PA, 3500, 0, 
6, 7, static_var/D_PA, 4000, 0, 
6, 7, static_var/D_PA, 4500, 0, 
6, 7, static_var/D_PA, 7000, 0, 
6, 7, static_var/D_PA, 7500, 0, 
6, 7, static_var/D_PA, 8000, 0, 
6, 7, static_var/D_PA, 10000, 0, 
6, 7, static_var/D_PA, 10500, 0, 
6, 7, static_var/D_PA, 11000, 0, 
6, 7, static_var/D_PA, 11500, 0, 
6, 7, static_var/D_PA, 12000, 0, 
6, 7, static_var/D_PA, 13000, 0, 
6, 7, static_var/D_PA, 13500, 0, 
6, 7, static_var/D_PA, 14000, 0, 
6, 7, static_var/D_PA, 14500, 0, 
6, 7, static_var/D_PA, 16000, 0, 
6, 7, static_var/D_PA, 16500, 0, 
6, 7, static_var/D_PA, 17000, 0, 
6, 7, static_var/D_PA, 18500, 0, 
6, 7, static_var/D_PA, 19000, 0, 
6, 7, static_var/D_PA, 19500, 0, 
6, 7, static_var/D_PA, 26500, 0, 
6, 7, static_var/D_PA, 27000, 0, 
6, 7, static_var/D_PA, 27500, 0, 
6, 7, static_var/D_PA, 28000, 0, 
6, 7, static_var/D_PA, 28500, 0, 
6, 7, static_var/D_PA, 29000, 0, 
6, 7, static_var/D_PA, 41500, 0, 
6, 7, static_var/D_PA, 42000, 0, 
6, 7, static_var/D_PA, 43500, 0, 
6, 7, static_var/D_PA, 44000, 0, 
6, 7, static_var/D_PA, 44500, 0, 
6, 7, static_var/D_PA, 45000, 0, 
6, 7, static_var/D_PA, 45500, 0, 
6, 7, static_var/D_PA, 46000, 0, 
6, 7, static_var/D_PA, 46500, 0, 
6, 7, static_var/D_PA, 47000, 0, 
6, 7, static_var/D_PA, 49500, 0, 
6, 7, static_var/D_PA, 50000, 0, 
6, 7, static_var/D_PA, 51000, 0, 
6, 7, static_var/D_PA, 51500, 0, 
6, 7, static_var/D_PA, 56000, 0, 
6, 7, static_var/D_PA, 57000, 0, 
6, 7, static_var/D_PA, 58000, 0, 
6, 7, static_var/D_PA, 58500, 0, 
6, 7, static_var/D_PA, 60500, 0, 
6, 7, static_var/D_PA, 61000, 0, 
6, 7, static_var/D_PA, 61500, 0, 
6, 7, static_var/D_PA, 62500, 0, 
6, 7, static_var/D_PA, 63000, 0, 
6, 7, static_var/D_PA, 63500, 0, 
6, 7, static_var/D_PA, 64500, 0, 
6, 7, static_var/D_PA, 66000, 0, 
6, 7, static_var/D_PA, 67500, 0, 
6, 7, static_var/D_PA, 68500, 0, 
6, 7, static_var/D_PA, 69000, 0, 
6, 7, static_var/D_PA, 70000, 0, 
6, 7, static_var/D_PA, 70500, 0, 
6, 7, static_var/D_PA, 85000, 0, 
6, 7, static_var/D_PA, 87500, 0, 
6, 7, static_var/D_PA, 90000, 0, 
6, 7, static_var/D_PA, 91000, 0, 
6, 7, static_var/D_PA, 91500, 0, 
6, 7, static_var/D_Rbr1996, 0, 0, 
6, 7, static_var/D_Rbr1996, 500, 0, 
6, 7, static_var/D_Rbr1996, 1000, 0, 
6, 7, static_var/D_Rbr1996, 1500, 0, 
6, 7, static_var/D_Rbr1996, 2000, 0, 
6, 7, static_var/D_Rbr1996, 2500, 0, 
6, 7, static_var/D_Rbr1996, 3000, 0, 
6, 7, static_var/D_Rbr1996, 6000, 0, 
6, 7, static_var/D_ResF, 0, 0, 
6, 7, static_var/D_ResF, 500, 0, 
6, 7, static_var/D_ResF, 1000, 0, 
6, 7, static_var/D_ResF, 1500, 0, 
6, 7, static_var/D_ResF, 5000, 0, 
6, 7, static_var/D_ResF, 5500, 0, 
6, 7, static_var/D_ResF, 7500, 0, 
6, 7, static_var/D_River, 0, 0, 
6, 7, static_var/D_River, 500, 0, 
6, 7, static_var/D_River, 1000, 0, 
6, 7, static_var/D_Road, 0, 0, 
6, 7, static_var/D_Road, 500, 0, 
6, 7, static_var/D_Road, 5500, 0, 
6, 7, static_var/D_Road, 6000, 0, 
6, 7, static_var/D_Road, 6500, 0, 
6, 7, static_var/D_Road, 7000, 0, 
6, 7, static_var/D_Road, 7500, 0, 
6, 7, static_var/D_Road, 8000, 0, 
6, 7, static_var/D_Road, 19000, 0, 
6, 7, static_var/D_Road, 20000, 0, 
6, 7, static_var/D_Road, 21500, 0, 
6, 7, static_var/D_Road, 40000, 0, 
6, 7, static_var/D_Road, 46500, 0, 
6, 7, static_var/D_Town, 0, 0, 
6, 7, static_var/D_Town, 500, 0, 
6, 7, static_var/D_Town, 1000, 0, 
6, 7, static_var/D_Town, 1500, 0, 
6, 7, static_var/D_Town, 2000, 0, 
6, 7, static_var/D_Town, 2500, 0, 
6, 7, static_var/D_Town, 3000, 0, 
6, 7, static_var/D_Town, 8500, 0, 
6, 7, static_var/D_Town, 9000, 0, 
6, 7, static_var/D_Town, 9500, 0, 
6, 7, static_var/D_Town, 11500, 0, 
6, 7, static_var/D_Town, 12000, 0, 
6, 7, static_var/D_Town, 26000, 0, 
6, 7, static_var/D_Town, 27000, 0, 
6, 7, static_var/D_Town, 27500, 0, 
6, 7, static_var/D_Town, 31000, 0, 
6, 7, static_var/D_Town, 31500, 0, 
6, 7, static_var/D_Town, 32000, 0, 
6, 7, static_var/D_Town, 32500, 0, 
6, 7, static_var/D_Town, 34500, 0, 
6, 7, static_var/D_Town, 35500, 0, 
6, 7, static_var/D_Town, 36000, 0, 
6, 7, static_var/D_Town, 36500, 0, 
6, 7, static_var/D_Town, 37000, 0, 
6, 7, static_var/D_Town, 37500, 0, 
6, 7, static_var/D_Town, 38000, 0, 
6, 7, static_var/D_Town, 38500, 0, 
6, 7, static_var/D_Town, 39000, 0, 
6, 7, static_var/D_Town, 39500, 0, 
6, 7, static_var/D_Town, 40000, 0, 
6, 7, static_var/D_Town, 40500, 0, 
6, 7, static_var/D_Town, 41000, 0, 
6, 7, static_var/D_Town, 42000, 0, 
6, 7, static_var/D_Town, 42500, 0, 
6, 7, static_var/D_Town, 43000, 0, 
6, 7, static_var/D_Town, 43500, 0, 
6, 7, static_var/D_Town, 44000, 0, 
6, 7, static_var/D_Town, 45000, 0, 
6, 7, static_var/D_Town, 46000, 0, 
6, 7, static_var/D_Town, 46500, 0, 
6, 7, static_var/D_Town, 47000, 0, 
6, 7, static_var/D_Town, 47500, 0, 
6, 7, static_var/D_Town, 48000, 0, 
6, 7, static_var/D_Town, 48500, 0, 
6, 7, static_var/D_Town, 49000, 0, 
6, 7, static_var/D_Town, 49500, 0, 
6, 7, static_var/D_Town, 50000, 0, 
6, 7, static_var/D_Town, 51000, 0, 
6, 7, static_var/D_Town, 51500, 0, 
6, 7, static_var/D_Town, 52500, 0, 
6, 7, static_var/D_Town, 53000, 0, 
6, 7, static_var/D_Town, 56000, 0, 
6, 7, static_var/D_Town, 57000, 0, 
6, 7, static_var/D_Town, 57500, 0, 
6, 7, static_var/D_Town, 58000, 0, 
6, 7, static_var/D_Town, 58500, 0, 
6, 7, static_var/D_Town, 59000, 0, 
6, 7, static_var/D_Town, 61000, 0, 
6, 7, static_var/D_Town, 61500, 0, 
6, 7, static_var/D_Town, 62000, 0, 
6, 7, static_var/D_Town, 63000, 0, 
6, 7, static_var/D_Town, 73500, 0, 
6, 7, static_var/D_Town, 76000, 0, 
6, 7, static_var/D_Vill, 0, 0, 
6, 7, static_var/D_Vill, 500, 0, 
6, 7, static_var/D_Vill, 1500, 0, 
6, 7, static_var/D_Vill, 3000, 0, 
6, 7, static_var/D_Vill, 3500, 0, 
6, 7, static_var/D_Vill, 4000, 0, 
6, 7, static_var/D_Vill, 4500, 0, 
6, 7, static_var/D_Vill, 5000, 0, 
6, 7, static_var/D_Vill, 5500, 0, 
6, 7, static_var/D_Vill, 6000, 0, 
6, 7, static_var/D_Vill, 6500, 0, 
6, 7, static_var/D_Vill, 7500, 0, 
6, 7, static_var/D_Vill, 8000, 0, 
6, 7, static_var/Elev, -30, 0, 
6, 7, static_var/Elev, 10, 0, 
6, 7, static_var/Elev, 20, 0, 
6, 7, static_var/Elev, 30, 0, 
6, 7, static_var/Elev, 210, 0, 
6, 7, static_var/Elev, 220, 0, 
6, 7, static_var/OC000, 0, 0, 
6, 7, static_var/OC000, 4, 0, 
6, 7, static_var/OC000, 5, 0, 
6, 7, static_var/PDn05, 0, 0, 
6, 7, static_var/PDn05, 10, 0, 
6, 7, static_var/PDn05, 20, 0, 
6, 7, static_var/PDn05, 30, 0, 
6, 7, static_var/PDn05, 50, 0, 
6, 7, static_var/PDn05, 60, 0, 
6, 7, static_var/PDn05, 70, 0, 
6, 7, static_var/PDn05, 80, 0, 
6, 7, static_var/PDn05, 90, 0, 
6, 7, static_var/PDn05, 100, 0, 
6, 7, static_var/PDn05, 140, 0, 
6, 7, static_var/PDn05, 150, 0, 
6, 7, static_var/PDn05, 160, 0, 
6, 7, static_var/PDn05, 200, 0, 
6, 7, static_var/PDn05, 240, 0, 
6, 7, static_var/PH000, 0, 0, 
6, 7, static_var/PH000, 40, 0, 
6, 7, static_var/PH000, 41, 0, 
6, 7, static_var/PH000, 42, 0, 
6, 7, static_var/PH000, 47, 0, 
6, 7, static_var/PH000, 48, 0, 
6, 7, static_var/PH000, 50, 0, 
6, 7, static_var/PH000, 51, 0, 
6, 7, static_var/Sd000, 0, 0, 
6, 7, static_var/Sd000, 32, 0, 
6, 7, static_var/Sd000, 33, 0, 
6, 7, static_var/Sd000, 34, 0, 
6, 7, static_var/Sd000, 35, 0, 
6, 7, static_var/Sd000, 36, 0, 
6, 7, static_var/Sd000, 37, 0, 
6, 7, static_var/Sd000, 38, 0, 
6, 7, static_var/Sd000, 46, 0, 
6, 7, static_var/Sd000, 47, 0, 
6, 7, static_var/Sd000, 52, 0, 
6, 7, static_var/Sd000, 53, 0, 
6, 7, static_var/Sd000, 54, 0, 
6, 7, static_var/Slope, 0, 0, 
6, 7, static_var/Slope, 5, 0, 
6, 7, static_var/Slope, 10, 0, 
6, 7, static_var/WC000, 0, 0, 
6, 7, static_var/WC000, 29, 0, 
6, 7, static_var/WC000, 30, 0, 
6, 7, static_var/WC000, 31, 0, 
6, 7, static_var/WC000, 32, 0, 
6, 7, static_var/WC000, 33, 0, 
6, 7, static_var/WC000, 35, 0, 
6, 7, static_var/WC000, 37, 0, 
6, 7, static_var/WC000, 43, 0, 
6, 7, static_var/WC000, 44, 0, 
6, 7, static_var/WC000, 45, 0, 
6, 7, static_var/WC000, 46, 0, 
6, 7, static_var/WC000, 47, 0, 
6, 7, static_var/WC000, 48, 0, 
6, 7, static_var/WC000, 49, 0, 
8, 7, distance/distance_to_7, 0, 0, 
8, 7, distance/distance_to_7, 500, 0, 
8, 7, distance/distance_to_7, 1000, 0, 
8, 7, distance/distance_to_7, 1500, 0, 
8, 7, distance/distance_to_7, 2000, 0, 
8, 7, distance/distance_to_7, 25000, 0, 
8, 7, static_var/Acc00, 0, 0, 
8, 7, static_var/Acc00, 10, 0, 
8, 7, static_var/Acc00, 20, 0, 
8, 7, static_var/Acc00, 30, 0, 
8, 7, static_var/Acc00, 40, 0, 
8, 7, static_var/Acc00, 70, 0, 
8, 7, static_var/Acc00, 80, 0, 
8, 7, static_var/Acc00, 100, 0, 
8, 7, static_var/Acc00, 110, 0, 
8, 7, static_var/Acc00, 120, 0, 
8, 7, static_var/Acc00, 170, 0, 
8, 7, static_var/Acc00, 180, 0, 
8, 7, static_var/Acc00, 190, 0, 
8, 7, static_var/Acc00, 210, 0, 
8, 7, static_var/BD000, 0, 0, 
8, 7, static_var/BD000, 75, 0, 
8, 7, static_var/BD000, 80, 0, 
8, 7, static_var/BD000, 85, 0, 
8, 7, static_var/BD000, 90, 0, 
8, 7, static_var/BD000, 95, 0, 
8, 7, static_var/BD000, 105, 0, 
8, 7, static_var/BD000, 110, 0, 
8, 7, static_var/BD000, 120, 0, 
8, 7, static_var/BD000, 125, 0, 
8, 7, static_var/BD000, 130, 0, 
8, 7, static_var/BD000, 135, 0, 
8, 7, static_var/BD000, 140, 0, 
8, 7, static_var/BD000, 145, 0, 
8, 7, static_var/Bio03, 0, 0, 
8, 7, static_var/Bio03, 455, 0, 
8, 7, static_var/Bio03, 460, 0, 
8, 7, static_var/Bio03, 465, 0, 
8, 7, static_var/Bio03, 475, 0, 
8, 7, static_var/Bio03, 480, 0, 
8, 7, static_var/Bio03, 490, 0, 
8, 7, static_var/Bio03, 500, 0, 
8, 7, static_var/Bio03, 505, 0, 
8, 7, static_var/Bio03, 510, 0, 
8, 7, static_var/Bio04, 0, 0, 
8, 7, static_var/Bio04, 630, 0, 
8, 7, static_var/Bio04, 640, 0, 
8, 7, static_var/Bio04, 645, 0, 
8, 7, static_var/Bio04, 650, 0, 
8, 7, static_var/Bio04, 655, 0, 
8, 7, static_var/Bio04, 705, 0, 
8, 7, static_var/Bio04, 710, 0, 
8, 7, static_var/Bio04, 715, 0, 
8, 7, static_var/Bio04, 720, 0, 
8, 7, static_var/Bio04, 725, 0, 
8, 7, static_var/Bio04, 815, 0, 
8, 7, static_var/Bio04, 820, 0, 
8, 7, static_var/Bio05, 0, 0, 
8, 7, static_var/Bio05, 305, 0, 
8, 7, static_var/Bio05, 310, 0, 
8, 7, static_var/Bio05, 315, 0, 
8, 7, static_var/Bio05, 320, 0, 
8, 7, static_var/Bio06, 0, 0, 
8, 7, static_var/Bio06, 215, 0, 
8, 7, static_var/Bio06, 220, 0, 
8, 7, static_var/Bio06, 225, 0, 
8, 7, static_var/Bio06, 230, 0, 
8, 7, static_var/Bio12, 0, 0, 
8, 7, static_var/Bio12, 1800, 0, 
8, 7, static_var/Bio12, 1900, 0, 
8, 7, static_var/Bio12, 2000, 0, 
8, 7, static_var/Bio12, 2100, 0, 
8, 7, static_var/Bio12, 3400, 0, 
8, 7, static_var/Bio12, 3500, 0, 
8, 7, static_var/Bio12, 3700, 0, 
8, 7, static_var/Bio12, 3800, 0, 
8, 7, static_var/Bio12, 3900, 0, 
8, 7, static_var/Bio12, 4100, 0, 
8, 7, static_var/Bio12, 4200, 0, 
8, 7, static_var/Bio12, 4400, 0, 
8, 7, static_var/Bio12, 4500, 0, 
8, 7, static_var/Bio12, 4600, 0, 
8, 7, static_var/Bio12, 4700, 0, 
8, 7, static_var/Bio12, 5600, 0, 
8, 7, static_var/Bio12, 5800, 0, 
8, 7, static_var/Bio12, 5900, 0, 
8, 7, static_var/Bio12, 6000, 0, 
8, 7, static_var/Bio12, 6100, 0, 
8, 7, static_var/Bio12, 6200, 0, 
8, 7, static_var/Bio12, 6300, 0, 
8, 7, static_var/Bio12, 6400, 0, 
8, 7, static_var/Bio12, 6600, 0, 
8, 7, static_var/Bio14, 0, 0, 
8, 7, static_var/Bio14, 5, 0, 
8, 7, static_var/Bio14, 10, 0, 
8, 7, static_var/Bio14, 15, 0, 
8, 7, static_var/Bio18, 0, 0, 
8, 7, static_var/Bio18, 120, 0, 
8, 7, static_var/Bio18, 125, 0, 
8, 7, static_var/Bio18, 170, 0, 
8, 7, static_var/Bio18, 175, 0, 
8, 7, static_var/Bio18, 180, 0, 
8, 7, static_var/Bio18, 190, 0, 
8, 7, static_var/Bio18, 195, 0, 
8, 7, static_var/Bio18, 205, 0, 
8, 7, static_var/Bio18, 250, 0, 
8, 7, static_var/Bio18, 255, 0, 
8, 7, static_var/Cy000, 0, 0, 
8, 7, static_var/Cy000, 19, 0, 
8, 7, static_var/Cy000, 20, 0, 
8, 7, static_var/Cy000, 21, 0, 
8, 7, static_var/Cy000, 22, 0, 
8, 7, static_var/Cy000, 23, 0, 
8, 7, static_var/Cy000, 26, 0, 
8, 7, static_var/Cy000, 28, 0, 
8, 7, static_var/Cy000, 35, 0, 
8, 7, static_var/Cy000, 36, 0, 
8, 7, static_var/D_ComF, 0, 0, 
8, 7, static_var/D_ComF, 500, 0, 
8, 7, static_var/D_ComF, 2500, 0, 
8, 7, static_var/D_ComF, 3000, 0, 
8, 7, static_var/D_ComF, 3500, 0, 
8, 7, static_var/D_ComF, 4000, 0, 
8, 7, static_var/D_ComF, 5000, 0, 
8, 7, static_var/D_ComF, 6000, 0, 
8, 7, static_var/D_ComF, 6500, 0, 
8, 7, static_var/D_ComF, 7000, 0, 
8, 7, static_var/D_ComF, 7500, 0, 
8, 7, static_var/D_ComF, 9500, 0, 
8, 7, static_var/D_ComF, 10500, 0, 
8, 7, static_var/D_ComF, 11000, 0, 
8, 7, static_var/D_ComF, 13500, 0, 
8, 7, static_var/D_ComF, 14000, 0, 
8, 7, static_var/D_ComF, 20500, 0, 
8, 7, static_var/D_ComF, 21000, 0, 
8, 7, static_var/D_DefoI1, 0, 0, 
8, 7, static_var/D_DefoI1, 500, 0, 
8, 7, static_var/D_DefoI1, 1000, 0, 
8, 7, static_var/D_DefoI1, 1500, 0, 
8, 7, static_var/D_DefoI1, 2000, 0, 
8, 7, static_var/D_KBA, 0, 0, 
8, 7, static_var/D_KBA, 500, 0, 
8, 7, static_var/D_KBA, 1000, 0, 
8, 7, static_var/D_KBA, 1500, 0, 
8, 7, static_var/D_KBA, 2500, 0, 
8, 7, static_var/D_KBA, 3000, 0, 
8, 7, static_var/D_KBA, 3500, 0, 
8, 7, static_var/D_KBA, 4000, 0, 
8, 7, static_var/D_KBA, 4500, 0, 
8, 7, static_var/D_KBA, 5000, 0, 
8, 7, static_var/D_KBA, 5500, 0, 
8, 7, static_var/D_KBA, 6000, 0, 
8, 7, static_var/D_KBA, 7500, 0, 
8, 7, static_var/D_KBA, 8000, 0, 
8, 7, static_var/D_KBA, 9000, 0, 
8, 7, static_var/D_KBA, 17500, 0, 
8, 7, static_var/D_KBA, 18000, 0, 
8, 7, static_var/D_KBA, 18500, 0, 
8, 7, static_var/D_KBA, 19000, 0, 
8, 7, static_var/D_KBA, 20000, 0, 
8, 7, static_var/D_KBA, 20500, 0, 
8, 7, static_var/D_KBA, 21000, 0, 
8, 7, static_var/D_KBA, 21500, 0, 
8, 7, static_var/D_KBA, 22000, 0, 
8, 7, static_var/D_KBA, 24500, 0, 
8, 7, static_var/D_KBA, 25000, 0, 
8, 7, static_var/D_KBA, 25500, 0, 
8, 7, static_var/D_KBA, 26500, 0, 
8, 7, static_var/D_KBA, 27500, 0, 
8, 7, static_var/D_KBA, 28500, 0, 
8, 7, static_var/D_KBA, 31000, 0, 
8, 7, static_var/D_KBA, 33000, 0, 
8, 7, static_var/D_OPC, 0, 0, 
8, 7, static_var/D_OPC, 500, 0, 
8, 7, static_var/D_OPC, 1000, 0, 
8, 7, static_var/D_OPC, 2500, 0, 
8, 7, static_var/D_OPC, 3000, 0, 
8, 7, static_var/D_OPC, 3500, 0, 
8, 7, static_var/D_OPC, 4000, 0, 
8, 7, static_var/D_OPC, 5000, 0, 
8, 7, static_var/D_OPC, 5500, 0, 
8, 7, static_var/D_OPC, 6500, 0, 
8, 7, static_var/D_OPC, 7000, 0, 
8, 7, static_var/D_OPC, 7500, 0, 
8, 7, static_var/D_OPC, 8000, 0, 
8, 7, static_var/D_OPC, 8500, 0, 
8, 7, static_var/D_OPC, 9000, 0, 
8, 7, static_var/D_OPC, 9500, 0, 
8, 7, static_var/D_OPC, 10000, 0, 
8, 7, static_var/D_OPC, 10500, 0, 
8, 7, static_var/D_OPC, 11000, 0, 
8, 7, static_var/D_OPC, 11500, 0, 
8, 7, static_var/D_OPC, 12000, 0, 
8, 7, static_var/D_OPC, 12500, 0, 
8, 7, static_var/D_OPC, 13000, 0, 
8, 7, static_var/D_OPC, 13500, 0, 
8, 7, static_var/D_OPC, 14000, 0, 
8, 7, static_var/D_OPC, 14500, 0, 
8, 7, static_var/D_OPC, 15000, 0, 
8, 7, static_var/D_OPC, 15500, 0, 
8, 7, static_var/D_OPC, 16000, 0, 
8, 7, static_var/D_OPC, 17000, 0, 
8, 7, static_var/D_OPC, 17500, 0, 
8, 7, static_var/D_OPC, 18000, 0, 
8, 7, static_var/D_OPC, 18500, 0, 
8, 7, static_var/D_OPC, 19500, 0, 
8, 7, static_var/D_OPC, 20000, 0, 
8, 7, static_var/D_OPC, 20500, 0, 
8, 7, static_var/D_OPC, 21000, 0, 
8, 7, static_var/D_OPC, 21500, 0, 
8, 7, static_var/D_OPC, 22000, 0, 
8, 7, static_var/D_OPC, 22500, 0, 
8, 7, static_var/D_OPC, 23000, 0, 
8, 7, static_var/D_OPC, 23500, 0, 
8, 7, static_var/D_OPC, 24000, 0, 
8, 7, static_var/D_OPC, 24500, 0, 
8, 7, static_var/D_OPC, 25000, 0, 
8, 7, static_var/D_OPC, 25500, 0, 
8, 7, static_var/D_OPC, 26000, 0, 
8, 7, static_var/D_OPC, 26500, 0, 
8, 7, static_var/D_PA, 0, 0, 
8, 7, static_var/D_PA, 500, 0, 
8, 7, static_var/D_PA, 1000, 0, 
8, 7, static_var/D_PA, 2000, 0, 
8, 7, static_var/D_PA, 2500, 0, 
8, 7, static_var/D_PA, 3000, 0, 
8, 7, static_var/D_PA, 3500, 0, 
8, 7, static_var/D_PA, 4000, 0, 
8, 7, static_var/D_PA, 4500, 0, 
8, 7, static_var/D_PA, 5000, 0, 
8, 7, static_var/D_PA, 6500, 0, 
8, 7, static_var/D_PA, 7000, 0, 
8, 7, static_var/D_PA, 7500, 0, 
8, 7, static_var/D_PA, 8500, 0, 
8, 7, static_var/D_PA, 9000, 0, 
8, 7, static_var/D_PA, 10000, 0, 
8, 7, static_var/D_PA, 10500, 0, 
8, 7, static_var/D_PA, 11500, 0, 
8, 7, static_var/D_PA, 12000, 0, 
8, 7, static_var/D_PA, 12500, 0, 
8, 7, static_var/D_PA, 13500, 0, 
8, 7, static_var/D_PA, 17000, 0, 
8, 7, static_var/D_PA, 17500, 0, 
8, 7, static_var/D_PA, 18000, 0, 
8, 7, static_var/D_PA, 19500, 0, 
8, 7, static_var/D_PA, 20000, 0, 
8, 7, static_var/D_PA, 20500, 0, 
8, 7, static_var/D_PA, 21000, 0, 
8, 7, static_var/D_PA, 21500, 0, 
8, 7, static_var/D_PA, 24000, 0, 
8, 7, static_var/D_PA, 27000, 0, 
8, 7, static_var/D_PA, 27500, 0, 
8, 7, static_var/D_PA, 31000, 0, 
8, 7, static_var/D_Rbr1996, 0, 0, 
8, 7, static_var/D_Rbr1996, 500, 0, 
8, 7, static_var/D_Rbr1996, 1000, 0, 
8, 7, static_var/D_Rbr1996, 1500, 0, 
8, 7, static_var/D_Rbr1996, 2000, 0, 
8, 7, static_var/D_ResF, 0, 0, 
8, 7, static_var/D_ResF, 500, 0, 
8, 7, static_var/D_ResF, 1000, 0, 
8, 7, static_var/D_ResF, 2000, 0, 
8, 7, static_var/D_ResF, 4000, 0, 
8, 7, static_var/D_ResF, 7000, 0, 
8, 7, static_var/D_ResF, 7500, 0, 
8, 7, static_var/D_ResF, 8500, 0, 
8, 7, static_var/D_ResF, 12000, 0, 
8, 7, static_var/D_ResF, 13500, 0, 
8, 7, static_var/D_River, 0, 0, 
8, 7, static_var/D_River, 500, 0, 
8, 7, static_var/D_River, 1000, 0, 
8, 7, static_var/D_River, 1500, 0, 
8, 7, static_var/D_River, 2000, 0, 
8, 7, static_var/D_River, 4000, 0, 
8, 7, static_var/D_River, 4500, 0, 
8, 7, static_var/D_River, 6500, 0, 
8, 7, static_var/D_River, 7000, 0, 
8, 7, static_var/D_Road, 0, 0, 
8, 7, static_var/D_Road, 500, 0, 
8, 7, static_var/D_Road, 5500, 0, 
8, 7, static_var/D_Road, 6000, 0, 
8, 7, static_var/D_Road, 6500, 0, 
8, 7, static_var/D_Road, 7000, 0, 
8, 7, static_var/D_Road, 7500, 0, 
8, 7, static_var/D_Road, 8000, 0, 
8, 7, static_var/D_Road, 8500, 0, 
8, 7, static_var/D_Road, 9000, 0, 
8, 7, static_var/D_Road, 15000, 0, 
8, 7, static_var/D_Road, 17000, 0, 
8, 7, static_var/D_Road, 23000, 0, 
8, 7, static_var/D_Road, 29000, 0, 
8, 7, static_var/D_Town, 0, 0, 
8, 7, static_var/D_Town, 1000, 0, 
8, 7, static_var/D_Town, 1500, 0, 
8, 7, static_var/D_Town, 2500, 0, 
8, 7, static_var/D_Town, 3000, 0, 
8, 7, static_var/D_Town, 3500, 0, 
8, 7, static_var/D_Town, 5000, 0, 
8, 7, static_var/D_Town, 5500, 0, 
8, 7, static_var/D_Town, 6000, 0, 
8, 7, static_var/D_Town, 6500, 0, 
8, 7, static_var/D_Town, 7000, 0, 
8, 7, static_var/D_Town, 23500, 0, 
8, 7, static_var/D_Town, 24000, 0, 
8, 7, static_var/D_Town, 24500, 0, 
8, 7, static_var/D_Town, 25000, 0, 
8, 7, static_var/D_Town, 25500, 0, 
8, 7, static_var/D_Town, 26000, 0, 
8, 7, static_var/D_Town, 26500, 0, 
8, 7, static_var/D_Town, 28500, 0, 
8, 7, static_var/D_Town, 29000, 0, 
8, 7, static_var/D_Town, 29500, 0, 
8, 7, static_var/D_Town, 30500, 0, 
8, 7, static_var/D_Town, 31000, 0, 
8, 7, static_var/D_Town, 32500, 0, 
8, 7, static_var/D_Town, 48500, 0, 
8, 7, static_var/D_Town, 50000, 0, 
8, 7, static_var/D_Town, 59500, 0, 
8, 7, static_var/D_Town, 66500, 0, 
8, 7, static_var/D_Town, 72500, 0, 
8, 7, static_var/Elev, 0, 0, 
8, 7, static_var/Elev, 10, 0, 
8, 7, static_var/Elev, 20, 0, 
8, 7, static_var/Elev, 90, 0, 
8, 7, static_var/Elev, 100, 0, 
8, 7, static_var/Elev, 500, 0, 
8, 7, static_var/OC000, 0, 0, 
8, 7, static_var/OC000, 3, 0, 
8, 7, static_var/OC000, 4, 0, 
8, 7, static_var/OC000, 5, 0, 
8, 7, static_var/OC000, 6, 0, 
8, 7, static_var/OC000, 7, 0, 
8, 7, static_var/OC000, 8, 0, 
8, 7, static_var/OC000, 9, 0, 
8, 7, static_var/PDn05, 0, 0, 
8, 7, static_var/PDn05, 10, 0, 
8, 7, static_var/PDn05, 20, 0, 
8, 7, static_var/PDn05, 30, 0, 
8, 7, static_var/PDn05, 40, 0, 
8, 7, static_var/PDn05, 50, 0, 
8, 7, static_var/PDn05, 60, 0, 
8, 7, static_var/PDn05, 70, 0, 
8, 7, static_var/PDn05, 100, 0, 
8, 7, static_var/PDn05, 130, 0, 
8, 7, static_var/PDn05, 140, 0, 
8, 7, static_var/PDn05, 150, 0, 
8, 7, static_var/PDn05, 160, 0, 
8, 7, static_var/PDn05, 230, 0, 
8, 7, static_var/PH000, 0, 0, 
8, 7, static_var/PH000, 41, 0, 
8, 7, static_var/PH000, 47, 0, 
8, 7, static_var/PH000, 48, 0, 
8, 7, static_var/PH000, 50, 0, 
8, 7, static_var/PH000, 55, 0, 
8, 7, static_var/PH000, 56, 0, 
8, 7, static_var/PH000, 61, 0, 
8, 7, static_var/PH000, 62, 0, 
8, 7, static_var/PH000, 67, 0, 
8, 7, static_var/Slope, 0, 0, 
8, 7, static_var/Slope, 5, 0, 
8, 7, static_var/Slope, 25, 0, 
8, 7, static_var/Slope, 30, 0, 
8, 7, static_var/WC000, 0, 0, 
8, 7, static_var/WC000, 24, 0, 
8, 7, static_var/WC000, 27, 0, 
8, 7, static_var/WC000, 28, 0, 
8, 7, static_var/WC000, 31, 0, 
8, 7, static_var/WC000, 32, 0, 
8, 7, static_var/WC000, 35, 0, 
